LEVEL_3,alertas_2017,alertas_2018,alertas_2019,alertas_2020,alertas_2021,alertas_2022,alertas_2023,alertas_2024,alertas_2025,alertas_total
Cartagena del Chairá,910,1134,1082,838,802,807,1034,4128,6294,17029
La Macarena,325,1472,1241,991,989,1120,484,3947,3319,13888
Mapiripán,216,468,617,861,892,1543,2083,3135,3466,13281
San José del Guaviare,909,1721,1675,1402,1055,676,1086,2198,2466,13188
San Vicente del Caguán,1815,1580,1432,1134,693,509,910,2769,2031,12873
Tibú,518,935,1912,1581,1063,1045,2173,1880,1550,12657
Calamar,316,920,700,561,676,591,1341,2494,3292,10891
Puerto Guzmán,332,462,727,931,548,1054,851,1773,2751,9429
El Retorno,185,916,914,724,627,391,932,980,2204,7873
Solano,345,543,341,592,371,432,706,2453,1822,7605
Puerto Rico,336,400,419,554,309,331,313,2100,1850,6612
Uribe,282,466,248,135,321,288,210,1942,1471,5363
Vistahermosa,160,449,275,498,467,360,232,1797,1071,5309
Puerto Leguízamo,259,134,519,812,500,622,455,780,766,4847
Ríosucio,263,640,286,497,294,591,697,631,522,4421
Puerto Asís,251,91,460,670,419,869,530,210,288,3788
Cumaribo,241,147,139,497,176,235,442,920,831,3628
Orito,149,9,316,393,320,882,514,157,205,2945
Tierralta,378,415,97,101,129,443,200,326,830,2919
Miraflores,141,119,298,225,260,188,347,459,776,2813
Sardinata,54,198,401,399,163,246,526,225,361,2573
Puerto Caicedo,91,61,186,329,189,526,383,198,578,2541
Mitú,0,2,204,490,159,172,450,496,387,2360
Remedios,153,78,88,79,46,154,444,534,470,2046
Villagarzón,41,30,240,208,151,488,269,145,318,1890
Santa Marta,227,365,281,273,79,23,264,18,239,1769
Valle del Guamuez,160,26,143,178,181,390,227,109,156,1570
Segovia,103,162,74,102,38,183,278,278,294,1512
El Bagre,59,80,50,106,24,124,92,293,608,1436
El Carmen,31,14,62,34,23,644,239,135,147,1329
Bojayá,258,379,41,99,16,260,65,77,42,1237
Piamonte,65,13,9,83,104,578,143,67,79,1141
Mesetas,92,187,60,16,32,164,47,469,24,1091
Carmen del Darién,125,295,50,67,48,111,79,55,177,1007
Sin decisión Pol Adm Leticia,6,5,28,291,97,144,204,132,90,997
Alto Baudó,47,382,49,35,34,138,186,72,38,981
El Carmen de Bolívar,0,160,110,108,22,121,343,72,37,973
Montañita,14,18,18,15,12,541,117,83,90,908
Zaragoza,49,116,74,77,25,131,82,129,210,893
Santa Rosa del Sur,26,49,15,118,22,152,120,81,267,850
Cantagallo,19,57,120,163,87,119,96,61,81,803
Unguía,51,69,87,61,101,81,143,113,90,796
Sabana de Torres,10,2,16,8,8,132,232,222,162,792
Montelíbano,32,36,18,14,38,200,192,84,140,754
Tumaco,209,42,22,20,13,82,206,99,59,752
Mocoa,14,13,91,46,72,122,78,99,196,731
Teorama,26,81,102,87,35,77,104,66,126,704
Yondó,44,54,48,53,10,81,183,88,142,703
Bajo Baudó,94,244,49,39,21,16,152,26,43,684
Montecristo,21,35,44,44,56,130,111,120,107,668
Leticia,0,0,22,186,103,130,157,38,32,668
Timbiquí,109,103,36,69,81,184,18,14,36,650
San Pablo,24,53,57,132,43,70,96,95,77,647
Puerto Gaitán,43,6,10,14,1,39,178,258,93,642
Valledupar,98,129,52,47,10,73,84,89,48,630
López,64,36,27,19,25,175,97,71,113,627
Dibulla,101,102,109,65,25,5,170,11,35,623
Florencia,75,4,29,1,38,109,211,106,46,619
Lloró,6,124,16,0,5,155,81,108,124,619
El Charco,49,42,91,184,41,119,60,9,12,607
Anorí,52,50,52,99,28,113,70,62,79,605
Barranco Mina,5,4,8,12,19,149,151,139,117,604
Convención,29,41,74,35,20,198,96,39,58,590
ETI Yaigojé Apaporis,0,0,14,224,53,30,125,80,53,579
Bolívar,6,2,22,39,27,120,113,80,164,573
Amalfi,9,14,23,78,24,98,161,60,104,571
Istmina,260,29,9,21,12,66,122,31,17,567
ETI CIMTAR,0,0,20,145,41,151,92,91,24,564
Cimitarra,14,0,10,7,4,119,157,105,145,561
Cáceres,40,91,79,34,10,187,46,23,39,549
Juradó,11,134,31,50,22,69,128,86,10,541
Buenaventura,63,24,5,18,28,152,136,51,63,540
San Vicente de Chucurí,4,4,14,4,9,103,139,160,90,527
ETI del Río Pirá Para,0,0,7,158,22,51,120,84,79,521
Arauquita,32,15,42,28,4,22,53,48,273,517
Urrao,131,14,13,1,0,50,38,77,177,501
Acandí,34,51,45,29,37,28,49,114,100,487
San Jacinto,1,61,116,29,5,61,104,32,75,484
Inírida,29,0,6,31,23,55,98,169,69,480
Ríohacha,21,65,96,51,5,33,179,9,13,472
Barbacoas,95,34,23,32,10,101,124,26,24,469
San Miguel,42,3,103,115,34,63,54,2,21,437
Belén de Los Andaquíes,34,15,123,17,27,56,42,57,55,426
Santa Rosa,30,7,0,39,40,205,34,36,32,423
El Tambo,121,38,34,114,3,43,41,5,23,422
Dabeiba,87,135,48,19,5,62,38,16,12,422
Puerto Lleras,53,35,8,1,6,0,6,122,184,415
San José del Fragua,28,59,75,46,34,77,42,34,12,407
Frontino,116,91,10,2,2,45,37,26,68,397
San Juan Nepomuceno,0,78,87,49,19,21,80,33,27,394
Ipiales,21,11,33,5,48,171,41,33,30,393
El Tarra,35,46,101,67,28,14,41,27,33,392
Aracataca,10,68,81,45,5,20,86,13,64,392
Bagadó,1,78,37,30,6,27,63,93,49,384
Medio Baudó,6,196,11,32,12,6,90,21,9,383
Ciénaga,45,47,85,61,11,17,57,7,42,372
Puerto Nariño,0,0,3,90,26,72,61,29,90,371
Nóvita,25,3,8,3,11,169,62,45,45,371
Magüí,45,6,11,26,21,61,89,47,59,365
Puerto Concordia,31,28,19,25,12,8,21,92,124,360
Puerto Libertador,45,38,8,0,30,101,27,16,94,359
ETI del Medio Guainía,0,0,1,1,2,44,177,89,38,352
Rio Quito,117,116,10,3,3,27,32,21,20,349
Cúcuta,10,8,54,60,37,34,60,37,48,348
Sucre,0,0,7,2,24,50,76,41,147,347
Guapi,10,16,16,32,32,174,29,7,26,342
Simacota,7,2,2,2,5,78,106,75,64,341
Valparaíso,15,1,21,15,9,54,112,35,74,336
El Zulia,2,5,40,15,15,25,67,19,139,327
Tarazá,82,61,18,7,7,88,30,25,9,327
Santa Bárbara,9,4,12,25,26,115,41,36,56,324
Medio Atrato,51,133,9,15,3,25,14,18,45,313
Mutatá,76,138,31,9,2,24,18,1,13,312
Sin decisión Pol Adm Inírida,1,0,1,23,11,46,123,47,53,305
Fundación,4,23,39,20,2,3,128,9,73,301
Tiquisio,2,0,36,25,18,28,139,37,6,291
ETI de La Chorrera,0,0,49,77,2,27,86,12,37,290
Roberto Payán,86,22,7,1,11,52,68,22,13,282
Tame,16,3,13,22,15,10,12,25,164,280
ETI del Bajo Guainía,0,0,4,15,18,35,129,43,33,277
Vegachí,14,0,34,4,9,38,88,50,39,276
ETI del Papurí,0,0,28,110,15,31,56,17,7,264
Ricaurte,13,24,6,2,2,32,136,31,17,263
La Belleza,2,0,11,18,37,49,56,42,48,263
Murindó,50,117,7,3,1,63,15,1,0,257
Arauca,1,9,15,1,1,9,1,3,211,251
Ríonegro,1,3,6,3,5,68,93,36,34,249
ETI UITIBOC-ASOAINTAM,0,0,5,23,3,196,8,3,7,245
Norosí,6,3,40,9,11,40,55,65,15,244
La Esperanza,1,2,2,0,7,55,65,50,60,242
Yolombó,4,0,75,16,1,23,76,16,30,241
Vigía del Fuerte,50,146,0,3,1,23,9,3,5,240
Ituango,24,54,21,18,9,67,26,13,8,240
Medio San Juan,91,6,8,12,7,49,41,13,11,238
San José del Palmar,3,47,13,8,19,47,34,38,25,234
San Onofre,0,32,30,12,14,18,82,16,29,233
Carurú,0,0,4,25,13,61,74,42,11,230
Chigorodó,5,192,3,1,0,6,2,2,17,228
San Francisco,2,0,6,45,25,50,47,7,45,227
Milán,19,1,15,2,4,9,123,21,23,217
Solita,25,5,13,26,11,33,58,23,19,213
Barrancabermeja,9,0,2,1,3,81,45,37,33,211
Ríoviejo,1,2,27,15,12,45,64,26,18,210
Nuquí,14,55,12,25,7,15,34,37,8,207
Nechí,20,8,4,21,5,64,14,13,57,206
ETI Bajo Río Caquetá,0,0,7,68,3,10,60,30,27,205
ETI Arica,11,1,1,36,28,57,47,11,11,203
Santa Helena del Opón,0,0,0,0,2,82,49,37,31,201
Puerto Berrío,9,0,4,36,5,10,91,10,26,191
Puerto Parra,11,0,3,8,4,21,59,32,51,189
Simití,5,0,30,52,15,16,42,16,12,188
Ovejas,1,14,2,8,3,29,104,2,20,183
El Playón,9,3,0,0,4,58,66,33,10,183
ETI del Vaupés,0,0,2,67,16,37,29,17,13,181
Otanche,2,0,38,32,11,13,36,2,45,179
Curillo,38,5,30,22,2,21,29,25,6,178
ETI Mirití Paraná,2,0,0,34,12,14,47,15,50,174
Puerto Rondón,44,14,17,20,1,1,6,1,62,166
El Guamo,0,2,4,5,8,14,45,19,67,164
Condoto,12,8,5,1,3,51,35,22,27,164
Bahía Solano,38,58,18,12,2,7,6,18,4,163
San Carlos,6,0,7,9,21,31,32,14,40,160
Taraira,0,0,0,54,10,15,39,29,13,160
Lebrija,3,2,7,2,1,28,66,22,27,158
Yalí,1,0,6,0,9,8,71,11,51,157
San Luis,3,0,7,21,26,38,15,18,27,155
El Peñón,1,0,12,3,9,26,40,31,33,155
Sin decisión Pol Adm Mitú,0,0,1,15,5,16,44,48,25,154
El Litoral del San Juán,49,14,8,6,7,15,28,18,9,154
Sipí,6,1,8,6,5,62,34,20,11,153
La Paz,6,12,19,9,3,46,23,18,15,151
Argelia,26,20,13,15,1,26,36,0,14,151
Sonsón,4,0,0,38,38,18,13,18,22,151
San Martín de Loba,0,0,67,1,6,2,68,4,2,150
Cáchira,3,1,0,0,6,33,51,17,34,145
Morales,17,5,15,1,1,49,42,4,11,145
Caracolí,0,0,7,2,3,3,52,51,25,143
Puerto Wilches,5,0,0,0,0,8,33,30,65,141
ETI Isana y Surubí,0,0,7,5,12,29,41,36,9,139
El Paujil,6,2,13,0,3,7,26,44,35,136
Támara,11,2,3,0,6,8,14,0,90,134
Cumbal,7,4,0,1,6,22,49,30,6,125
Olaya Herrera,35,0,5,19,13,27,22,1,2,124
Ábrego,1,1,1,1,5,40,24,37,14,124
Cubará,3,0,4,0,1,7,18,38,52,123
Landázuri,4,0,2,5,4,39,37,12,20,123
Toledo,7,2,1,0,15,29,7,39,20,120
ETI del Alto Guainía,0,0,0,2,22,16,57,15,3,115
El Rosario,11,9,23,23,2,31,12,4,0,115
Agustín Codazzi,10,12,26,14,0,1,24,12,9,108
El Cantón del San Pablo,29,14,5,5,1,5,33,7,8,107
Curumaní,4,14,24,2,0,2,32,10,18,106
Rio Iró,4,5,2,4,8,49,7,17,6,102
Zambrano,0,4,4,2,3,38,45,3,3,102
San Martín,23,4,32,2,2,18,14,1,5,101
Pueblo Bello,1,2,6,12,0,3,16,16,44,100
San José de Uré,5,6,1,0,9,58,7,5,5,96
Dagua,13,20,1,0,1,19,18,7,15,94
María La Baja,0,17,20,17,8,0,24,3,3,92
Girón,0,0,2,0,5,15,27,23,20,92
Arenal,1,2,7,10,1,14,29,22,5,91
Betulia,1,0,3,0,4,13,24,28,18,91
Hato Corozal,15,3,5,0,0,1,5,20,41,90
Tadó,3,2,3,0,8,15,13,30,16,90
ETI del Río Tiquié,0,0,0,19,4,4,39,10,12,88
Vélez,0,0,0,1,2,30,36,14,4,87
San Juan de Arama,15,8,3,6,4,6,1,43,1,87
Atrato,14,44,4,0,1,7,4,5,7,86
Barrancas,1,16,17,2,0,12,21,2,12,83
El Copey,0,1,19,10,2,5,11,15,16,79
Cértegui,12,12,2,5,0,18,16,6,8,79
Policarpa,13,9,21,9,3,14,7,0,1,77
El Doncello,8,0,6,1,0,0,17,14,31,77
Cumbitara,9,4,20,22,1,13,4,0,3,76
San Jacinto del Cauca,9,4,2,6,8,13,11,5,16,74
Colosó,3,8,7,2,3,7,28,5,9,72
Barranco de Loba,0,0,26,3,3,0,31,7,0,70
ETI PANI,0,0,1,14,4,3,28,0,20,70
Puerto Nare,2,0,2,5,3,15,10,13,19,69
Altos del Rosario,0,0,20,1,5,0,32,8,0,66
Puerto Boyacá,0,0,5,5,5,3,8,15,21,62
Saravena,5,0,6,0,11,3,16,3,17,61
Chalán,1,5,4,3,4,1,29,4,9,60
Maicao,0,5,8,0,0,0,46,1,0,60
San Rafael,2,0,5,3,10,16,6,4,13,59
Durania,2,0,0,0,1,3,25,9,19,59
Santiago,0,0,0,1,1,11,11,16,18,58
San Roque,0,0,1,2,3,17,16,12,7,58
Hacarí,0,1,18,8,0,4,15,4,4,54
Albania,12,1,1,2,5,10,17,5,0,53
Unión Panamericana,11,4,0,0,1,12,19,0,5,52
San Alberto,0,6,6,1,1,2,6,27,2,51
Paz de Ariporo,26,0,0,0,0,0,0,11,14,51
Samaná,1,0,4,6,32,2,4,2,0,51
La Jagua de Ibirico,10,5,9,1,0,0,14,4,7,50
Turbo,2,0,7,6,0,8,17,5,3,48
San Calixto,4,0,8,6,6,3,8,8,5,48
Mahates,0,8,10,2,7,0,17,1,1,46
ETI La Victoria,0,0,0,8,12,3,10,6,5,44
San Luis de Palenque,4,0,0,0,0,0,0,25,15,44
Chaparral,1,0,3,0,0,1,0,0,39,44
Chimichagua,0,1,4,1,0,1,28,0,8,43
La Gloria,0,1,3,3,0,0,19,6,10,42
Pueblo Rico,0,2,2,0,2,0,24,0,11,41
Ocaña,2,0,0,0,0,17,11,4,6,40
Fortul,1,0,0,2,4,3,3,7,19,39
Cubarral,6,1,5,0,0,0,1,24,2,39
Valencia,1,0,1,4,1,1,3,28,0,39
Pailitas,0,2,7,2,0,3,17,6,1,38
Chiriguaná,2,2,0,2,1,12,11,0,6,36
Caucasia,3,5,5,0,2,9,3,4,5,36
Morelia,4,0,6,0,1,3,12,4,6,36
Sácama,1,3,4,0,2,2,12,2,10,36
Trinidad,4,0,0,0,0,0,0,2,29,35
Apartadó,1,0,6,4,0,11,9,3,0,34
Tuluá,2,5,0,0,0,0,0,0,26,33
Samaniego,17,0,1,0,2,5,7,0,1,33
ETI Ancestral  Atabapo e Inírida,1,0,0,4,1,10,11,5,1,33
San Cayetano,1,0,0,0,0,3,16,3,9,32
Becerril,14,0,1,1,2,0,11,2,1,32
Fonseca,0,1,1,0,0,1,9,1,18,31
Salazar,0,0,0,0,1,5,7,3,14,30
Pasto,4,0,0,0,0,23,0,0,2,29
Morroa,0,1,0,0,0,3,25,0,0,29
Córdoba,0,0,0,0,0,5,16,2,6,29
Pelaya,0,2,3,1,0,1,10,12,0,29
Arboledas,0,0,2,0,2,9,9,6,1,29
Bucarasica,0,0,0,0,1,12,8,3,4,28
Labranzagrande,6,0,0,0,0,1,0,0,21,28
Suárez,1,6,6,0,0,7,1,0,6,27
Lejanías,1,4,3,0,1,0,3,11,0,23
Retiro,2,0,0,3,0,4,5,9,0,23
Yacopí,1,0,0,0,4,0,12,6,0,23
Buenos Aires,3,3,0,0,0,2,5,0,10,23
Puerto López,14,0,9,0,0,0,0,0,0,23
El Molino,0,0,0,1,0,0,6,0,16,23
Abriaquí,2,1,0,0,0,11,6,2,0,22
Pensilvania,1,0,0,0,0,0,2,2,17,22
Pauna,1,0,2,5,1,1,5,1,6,22
Aguachica,0,0,5,2,1,2,7,1,3,21
Francisco Pizarro,7,0,0,2,0,5,7,0,0,21
Santa Cruz,11,0,2,1,1,3,3,0,0,21
Calima,2,0,0,0,1,8,1,2,7,21
San Juan del Cesar,0,1,3,6,0,1,4,0,6,21
Los Andes,5,0,3,2,1,7,2,0,0,20
Orocué,2,1,1,0,0,0,0,4,12,20
Valdivia,3,0,5,2,3,0,7,0,0,20
San Pablo de Borbur,2,0,10,1,1,1,4,0,0,19
Sabanas de San Ángel,0,0,3,0,0,0,0,16,0,19
Aguazul,1,0,0,0,0,2,0,9,7,19
Pore,1,0,1,0,0,0,0,4,13,19
Mallama,2,0,4,0,0,2,8,1,2,19
Acacías,8,0,11,0,0,0,0,0,0,19
Urumita,0,1,1,8,0,0,8,0,1,19
Medellín,0,0,0,0,0,0,5,13,0,18
Lourdes,0,0,1,0,1,3,9,3,1,18
Toluviejo,0,1,1,0,0,7,7,2,0,18
Villahermosa,1,0,1,0,0,0,0,0,15,17
Maceo,0,0,0,0,0,2,10,3,2,17
Gámbita,4,0,0,0,3,6,0,2,2,17
Tauramena,6,0,0,0,0,1,0,3,7,17
Zapatoca,0,0,1,0,2,2,4,3,4,16
Cartagena de Indias,0,0,0,1,0,9,0,1,5,16
Ríoblanco,1,0,1,1,0,1,0,1,11,16
Planadas,6,0,0,6,0,0,0,0,4,16
Leiva,4,10,0,0,0,1,1,0,0,16
Repelón,0,0,0,0,1,3,0,6,6,16
Mosquera,0,2,3,0,5,1,4,0,0,15
Matanza,0,1,0,0,1,1,3,9,0,15
Colón,0,0,0,0,0,15,0,0,0,15
Charalá,1,0,0,0,0,4,4,6,0,15
ETI de Papunahua,0,0,0,9,1,2,2,0,0,14
Juan de Acosta,0,0,0,0,1,13,0,0,0,14
Contratación,0,0,0,0,0,6,5,0,3,14
Paya,6,0,1,0,0,3,0,0,4,14
Pisva,7,0,0,0,2,1,1,1,2,14
La Dorada,4,2,2,0,4,0,1,0,0,13
Balboa,3,0,1,0,0,0,1,1,7,13
Maní,3,0,0,0,0,0,0,4,6,13
Los Patios,0,0,0,0,0,0,2,1,10,13
Gachalá,13,0,0,0,0,0,0,0,0,13
Sopetrán,0,0,0,0,0,0,4,8,0,12
Florián,0,0,1,0,2,1,6,1,1,12
Colombia,10,1,0,0,1,0,0,0,0,12
Trujillo,1,8,0,1,0,0,2,0,0,12
Carmen de Viboral,0,0,0,0,5,0,7,0,0,12
El Castillo,3,1,0,0,0,0,6,1,0,11
Bugalagrande,0,11,0,0,0,0,0,0,0,11
Briceño,0,0,0,2,0,3,5,1,0,11
Salgar,0,2,0,0,1,2,6,0,0,11
Campoalegre,11,0,0,0,0,0,0,0,0,11
Baraya,11,0,0,0,0,0,0,0,0,11
Quípama,0,0,7,1,0,1,0,0,2,11
Chita,3,0,0,1,0,1,0,3,3,11
La Tola,3,0,0,2,0,4,2,0,0,11
Casabianca,0,0,0,0,0,0,0,0,11,11
Ibagué,3,0,0,0,2,0,0,0,5,10
Cañasgordas,3,0,0,2,1,1,2,1,0,10
Mistrató,0,1,2,0,1,0,2,0,4,10
La Jagua del Pilar,0,2,2,0,0,0,2,0,4,10
Yopal,4,0,0,0,1,0,0,3,2,10
Jamundí,0,1,0,0,0,0,4,5,0,10
Cucutilla,0,0,2,1,0,3,2,1,1,10
Coromoro,0,0,0,0,0,4,1,0,5,10
Charta,0,2,0,0,0,0,0,3,5,10
Chinácota,2,0,0,0,0,1,2,1,4,10
El Tablón,1,0,0,0,0,5,0,0,3,9
La Playa,3,0,0,0,0,1,2,0,3,9
Patía,3,0,0,0,0,0,3,0,3,9
Fresno,0,0,2,0,0,0,0,0,7,9
Beltrán,3,0,0,0,0,0,0,6,0,9
Nueva Granada,0,0,0,0,0,0,0,0,9,9
Neiva,7,0,0,0,0,0,2,0,0,9
Santa María,6,0,0,0,0,0,0,0,3,9
Victoria,2,0,0,0,3,0,4,0,0,9
Villavicencio,9,0,0,0,0,0,0,0,0,9
La Llanada,5,0,0,0,1,1,2,0,0,9
Acevedo,7,0,0,0,0,2,0,0,0,9
Norcasia,1,0,0,0,5,0,1,2,0,9
Chitagá,4,0,0,0,0,2,2,0,0,8
Venecia,0,0,0,0,0,0,1,7,0,8
Regidor,0,0,3,0,0,1,4,0,0,8
Túquerres,8,0,0,0,0,0,0,0,0,8
Bochalema,1,0,0,0,0,4,1,2,0,8
Manaure Balcón del Cesar,0,1,1,3,0,0,0,3,0,8
Los Palmitos,0,0,0,0,0,0,7,0,1,8
Anzoátegui,2,0,0,1,0,0,0,0,5,8
Pivijay,0,0,0,0,0,0,0,8,0,8
Funes,0,0,0,0,0,8,0,0,0,8
Necoclí,0,0,5,0,0,2,1,0,0,8
Tubará,5,0,1,0,0,2,0,0,0,8
Ríofrío,1,3,0,0,0,0,2,0,2,8
Gramalote,0,0,1,1,0,0,0,2,3,7
Tenerife,0,0,4,1,0,0,2,0,0,7
Cajibío,0,0,0,0,0,3,4,0,0,7
Ubalá,7,0,0,0,0,0,0,0,0,7
Angelópolis,0,0,0,0,0,0,1,6,0,7
Villanueva,1,0,0,0,0,0,1,5,0,7
Caldas,0,0,0,0,0,0,6,1,0,7
Páez,2,0,0,1,0,0,0,1,3,7
Ciudad Bolívar,0,0,0,0,0,2,5,0,0,7
Onzaga,1,0,0,0,0,2,0,3,1,7
Potosí,1,0,0,0,0,6,0,0,0,7
Monterrey,1,0,0,0,0,6,0,0,0,7
Gómez Plata,0,0,1,4,0,0,2,0,0,7
Sevilla,0,4,1,0,2,0,0,0,0,7
Mongua,6,0,0,0,0,0,0,0,1,7
Nariño,2,0,2,0,0,0,2,0,0,6
San Diego,0,0,1,0,0,1,3,0,1,6
Piojó,0,0,1,0,0,5,0,0,0,6
Cravo Norte,4,0,1,1,0,0,0,0,0,6
Villa Caro,0,0,0,0,1,0,2,3,0,6
San Luis de Gaceno,3,0,1,0,0,0,0,0,2,6
San Jerónimo,6,0,0,0,0,0,0,0,0,6
Santa Bárbara de Pinto,0,0,0,0,0,0,0,6,0,6
Remolino,0,0,0,5,0,0,0,1,0,6
Pulí,6,0,0,0,0,0,0,0,0,6
Suratá,0,0,0,0,0,2,3,0,1,6
Duitama,0,0,0,0,0,0,0,6,0,6
Consacá,5,0,0,0,0,0,0,0,0,5
Achí,0,0,1,3,0,0,1,0,0,5
La Unión,0,0,0,0,0,5,0,0,0,5
Mogotes,0,0,0,0,0,3,1,1,0,5
Murillo,5,0,0,0,0,0,0,0,0,5
Caicedo,0,0,1,2,0,0,2,0,0,5
Buesaco,1,0,0,0,0,1,1,0,2,5
Paime,0,0,2,0,2,0,1,0,0,5
Granada,0,0,0,0,0,0,1,4,0,5
Fuente de Oro,3,0,0,0,0,0,0,0,2,5
San Joaquín,0,0,0,0,0,2,3,0,0,5
Sabanalarga,5,0,0,0,0,0,0,0,0,5
Suaita,1,0,0,0,1,2,0,0,1,5
Puerto Triunfo,0,0,1,0,0,2,1,0,1,5
Silvia,5,0,0,0,0,0,0,0,0,5
Puerres,1,0,0,0,1,1,0,2,0,5
Nunchía,3,0,0,0,0,1,0,0,1,5
Santa Rosa de Osos,4,0,0,0,0,0,0,0,0,4
Chivor,3,0,0,0,0,0,0,0,1,4
Sotaquirá,0,0,0,0,0,4,0,0,0,4
Zona Bananera,0,0,1,0,0,0,0,2,1,4
Junín,4,0,0,0,0,0,0,0,0,4
Villarrica,2,0,0,2,0,0,0,0,0,4
Zarzal,0,4,0,0,0,0,0,0,0,4
Jesús María,0,0,0,0,2,0,0,2,0,4
Caparrapí,0,0,0,0,1,0,0,3,0,4
San Antero,3,0,0,0,0,0,0,1,0,4
Ariguaní,0,0,2,2,0,0,0,0,0,4
El Águila,0,0,0,0,0,0,2,0,2,4
Providencia,3,0,1,0,0,0,0,0,0,4
Pitalito,0,0,0,0,0,4,0,0,0,4
Nemocón,0,0,0,0,0,0,0,4,0,4
Ortega,0,0,2,0,0,0,0,0,2,4
Pamplona,0,0,0,0,0,4,0,0,0,4
Prado,4,0,0,0,0,0,0,0,0,4
El Guacamayo,0,0,0,0,0,2,0,1,1,4
Pedraza,0,0,0,0,0,0,4,0,0,4
Piedecuesta,0,0,0,0,0,1,1,1,1,4
Peque,0,0,0,2,0,0,1,1,0,4
Hato,2,0,0,0,0,0,0,2,0,4
Mariquita,0,0,0,1,0,0,0,0,3,4
Medina,4,0,0,0,0,0,0,0,0,4
Tona,1,0,1,0,0,2,0,0,0,4
La Plata,4,0,0,0,0,0,0,0,0,4
La Salina,2,0,0,0,0,0,0,0,2,4
Hobo,4,0,0,0,0,0,0,0,0,4
La Peña,0,0,0,0,4,0,0,0,0,4
Algeciras,0,0,0,0,0,0,3,0,0,3
Carepa,0,1,0,0,0,0,1,1,0,3
Socotá,3,0,0,0,0,0,0,0,0,3
Sitionuevo,3,0,0,0,0,0,0,0,0,3
Chima,0,0,0,0,0,0,0,2,1,3
Togüí,0,0,0,0,2,1,0,0,0,3
Cabrera,0,0,0,0,0,0,0,0,3,3
Castilla La Nueva,2,0,0,0,0,0,0,1,0,3
Jerusalén,3,0,0,0,0,0,0,0,0,3
Jericó,0,0,0,0,0,1,2,0,0,3
Honda,1,0,0,0,0,0,0,0,2,3
Valle de San José,0,0,0,0,0,0,1,1,1,3
La Florida,3,0,0,0,0,0,0,0,0,3
Socorro,0,0,0,0,0,3,0,0,0,3
La Vega,1,0,1,0,0,0,1,0,0,3
Angostura,3,0,0,0,0,0,0,0,0,3
Santo Domingo,0,0,2,0,1,0,0,0,0,3
Clemencia,0,0,0,0,2,0,0,0,1,3
Andes,0,0,0,0,0,0,3,0,0,3
Rio de Oro,0,0,0,0,0,1,2,0,0,3
Restrepo,3,0,0,0,0,0,0,0,0,3
San Andrés,0,0,0,0,0,1,1,1,0,3
Rovira,0,0,0,1,0,0,0,0,2,3
Bucaramanga,0,1,0,0,0,0,0,2,0,3
Neira,0,0,0,0,0,0,0,0,3,3
Abejorral,0,0,0,0,0,0,3,0,0,3
Gigante,3,0,0,0,0,0,0,0,0,3
Gachetá,3,0,0,0,0,0,0,0,0,3
Gama,3,0,0,0,0,0,0,0,0,3
Ataco,0,0,3,0,0,0,0,0,0,3
González,0,0,0,1,0,2,0,0,0,3
Pajarito,0,0,0,0,0,0,0,0,3,3
Útica,1,0,0,0,2,0,0,0,0,3
Amagá,0,0,0,1,0,0,2,0,0,3
Cali,2,0,0,0,0,0,1,0,0,3
San Pedro de Urabá,0,0,1,2,0,0,0,0,0,3
Confines,1,0,0,0,0,1,1,0,0,3
Campamento,0,0,0,0,2,1,0,0,0,3
San Carlos de Guaroa,2,0,0,0,0,0,0,0,1,3
Alejandría,0,0,0,0,0,0,0,0,2,2
Liborina,1,0,0,0,0,1,0,0,0,2
Jordán,0,0,0,0,2,0,0,0,0,2
Carmen de Apicalá,2,0,0,0,0,0,0,0,0,2
Sincelejo,0,0,0,2,0,0,0,0,0,2
Santana,0,0,0,0,1,1,0,0,0,2
Concordia,0,0,0,0,0,1,1,0,0,2
Arboletes,0,0,2,0,0,0,0,0,0,2
Armero,1,0,0,0,0,0,0,0,1,2
San Sebastián de Buenavista,0,0,2,0,0,0,0,0,0,2
Betania,0,0,0,0,0,0,2,0,0,2
Sandoná,2,0,0,0,0,0,0,0,0,2
Guayatá,2,0,0,0,0,0,0,0,0,2
San Zenón,0,0,2,0,0,0,0,0,0,2
Molagavita,1,0,0,0,0,0,0,1,0,2
Montería,0,0,0,0,0,0,0,2,0,2
Campohermoso,0,0,0,1,0,0,0,0,1,2
San Agustín,1,0,0,1,0,0,0,0,0,2
Anolaima,2,0,0,0,0,0,0,0,0,2
Chitaraque,0,0,0,0,2,0,0,0,0,2
La Ceja,1,0,0,0,0,0,1,0,0,2
La Cruz,0,0,0,0,0,2,0,0,0,2
Suesca,2,0,0,0,0,0,0,0,0,2
Linares,2,0,0,0,0,0,0,0,0,2
Aquitania,0,0,0,0,0,0,0,0,2,2
Herveo,1,0,0,1,0,0,0,0,0,2
La Primavera,0,0,2,0,0,0,0,0,0,2
Chachagüí,1,0,0,0,0,1,0,0,0,2
Líbano,1,0,0,0,0,0,0,0,1,2
Chámeza,0,0,0,0,0,0,0,2,0,2
Luruaco,0,0,0,1,0,1,0,0,0,2
Turbana,0,0,0,0,0,0,1,1,0,2
Tamalameque,0,0,0,0,0,0,0,2,0,2
Usiacurí,0,0,1,0,0,1,0,0,0,2
Toribío,2,0,0,0,0,0,0,0,0,2
Puerto Carreño,0,0,2,0,0,0,0,0,0,2
El Dorado,0,0,0,0,0,0,2,0,0,2
Guamal,2,0,0,0,0,0,0,0,0,2
San José de Pare,0,0,0,0,1,1,0,0,0,2
Maripí,0,0,0,0,1,0,1,0,0,2
San Bernardo,0,1,1,0,0,0,0,0,0,2
El Cairo,0,0,0,1,0,0,0,0,1,2
Guadalupe,0,0,0,0,0,0,0,2,0,2
El Dovio,0,0,0,1,0,0,1,0,0,2
Pacho,2,0,0,0,0,0,0,0,0,2
Floridablanca,0,0,0,0,0,2,0,0,0,2
Villeta,0,0,0,0,2,0,0,0,0,2
Bello,1,0,0,0,0,0,1,0,0,2
Villamaría,0,0,0,0,0,0,0,2,0,2
Ambalema,0,0,0,0,2,0,0,0,0,2
Pamplonita,1,0,0,1,0,0,0,0,0,2
Pereira,2,0,0,0,0,0,0,0,0,2
Giraldo,1,1,0,0,0,0,0,0,0,2
Pinchote,0,0,0,0,0,1,0,0,1,2
Dolores,1,0,0,0,1,0,0,0,0,2
Santa Fe de Antioquia,0,0,0,0,0,1,0,0,0,1
Santa Ana,0,0,1,0,0,0,0,0,0,1
Santa Catalina,0,0,0,1,0,0,0,0,0,1
Uramita,0,1,0,0,0,0,0,0,0,1
Vergara,1,0,0,0,0,0,0,0,0,1
Versalles,1,0,0,0,0,0,0,0,0,1
Vianí,1,0,0,0,0,0,0,0,0,1
Cabuyaro,1,0,0,0,0,0,0,0,0,1
Titiribí,1,0,0,0,0,0,0,0,0,1
Tununguá,0,0,0,0,0,0,0,1,0,1
Tello,1,0,0,0,0,0,0,0,0,1
Hispania,0,0,0,0,0,1,0,0,0,1
La Celia,0,0,0,0,0,0,1,0,0,1
La Cumbre,0,0,0,0,0,0,1,0,0,1
La Estrella,0,0,0,0,0,0,1,0,0,1
Yotoco,0,0,0,0,0,0,1,0,0,1
Yarumal,0,0,0,0,0,0,1,0,0,1
Yacuanquer,1,0,0,0,0,0,0,0,0,1
Santuario,0,0,0,0,0,0,1,0,0,1
Santa Rosa de Cabal,0,0,0,0,1,0,0,0,0,1
Macanal,1,0,0,0,0,0,0,0,0,1
Buenavista,0,0,0,0,1,0,0,0,0,1
Buriticá,0,0,0,0,0,0,1,0,0,1
Silvania,1,0,0,0,0,0,0,0,0,1
Sotará,1,0,0,0,0,0,0,0,0,1
Suaza,0,0,0,0,0,0,0,1,0,1
Chiscas,0,0,0,0,0,0,0,1,0,1
Anzá,0,0,0,0,0,0,1,0,0,1
Tenjo,1,0,0,0,0,0,0,0,0,1
Taminango,1,0,0,0,0,0,0,0,0,1
Ancuya,1,0,0,0,0,0,0,0,0,1
Topaipí,0,0,0,0,1,0,0,0,0,1
Icononzo,1,0,0,0,0,0,0,0,0,1
Inzá,1,0,0,0,0,0,0,0,0,1
Isnos,0,0,0,0,0,0,0,1,0,1
Guayabetal,1,0,0,0,0,0,0,0,0,1
San Miguel de Sema,0,0,0,0,0,0,0,0,1,1
Guataquí,0,0,0,0,1,0,0,0,0,1
Cumaral,1,0,0,0,0,0,0,0,0,1
Salamina,1,0,0,0,0,0,0,0,0,1
Curití,0,0,0,0,0,0,1,0,0,1
Cunday,0,0,0,1,0,0,0,0,0,1
Arjona,0,0,0,0,0,0,1,0,0,1
San Vicente,1,0,0,0,0,0,0,0,0,1
San Sebastián,1,0,0,0,0,0,0,0,0,1
Concepción,1,0,0,0,0,0,0,0,0,1
Santa Isabel,1,0,0,0,0,0,0,0,0,1
Ragonvalia,1,0,0,0,0,0,0,0,0,1
Quebradanegra,0,0,0,0,1,0,0,0,0,1
Nimaima,0,0,0,0,1,0,0,0,0,1
Natagaima,1,0,0,0,0,0,0,0,0,1
Mutiscua,1,0,0,0,0,0,0,0,0,1
Muzo,0,0,0,0,0,0,0,0,1,1
Rivera,0,0,0,0,1,0,0,0,0,1
Roldanillo,1,0,0,0,0,0,0,0,0,1
Caldono,0,0,1,0,0,0,0,0,0,1
Cómbita,0,0,0,0,0,0,0,1,0,1
Saboyá,0,0,1,0,0,0,0,0,0,1
Don Matias,1,0,0,0,0,0,0,0,0,1
Bosconia,0,0,1,0,0,0,0,0,0,1
Gutiérrez,1,0,0,0,0,0,0,0,0,1
Moniquirá,1,0,0,0,0,0,0,0,0,1
Montebello,0,0,0,0,0,1,0,0,0,1
Salento,1,0,0,0,0,0,0,0,0,1
Roncesvalles,1,0,0,0,0,0,0,0,0,1
Distracción,0,0,0,0,0,0,0,1,0,1
Marsella,0,0,0,0,0,0,1,0,0,1
Cocorná,0,0,0,0,0,0,1,0,0,1
San José,0,0,0,0,0,0,1,0,0,1
San Gil,0,0,0,0,0,0,1,0,0,1
Coveñas,1,0,0,0,0,0,0,0,0,1
Guavatá,0,0,0,0,0,1,0,0,0,1
Puente Nacional,0,0,0,0,0,0,1,0,0,1
Ayapel,0,0,0,0,0,1,0,0,0,1
Guaduas,1,0,0,0,0,0,0,0,0,1
Guacarí,1,0,0,0,0,0,0,0,0,1
Girardota,1,0,0,0,0,0,0,0,0,1
Baranoa,0,0,1,0,0,0,0,0,0,1
Arroyohondo,0,0,0,0,0,0,1,0,0,1
Pueblorrico,0,0,0,0,0,0,1,0,0,1
Pradera,1,0,0,0,0,0,0,0,0,1
Plato,0,0,1,0,0,0,0,0,0,1
Planeta Rica,0,0,0,1,0,0,0,0,0,1
Filadelfia,1,0,0,0,0,0,0,0,0,1
Palestina,0,0,0,0,0,1,0,0,0,1
Paipa,0,0,1,0,0,0,0,0,0,1
Oiba,0,0,0,0,0,0,0,1,0,1
Puerto Colombia,0,0,0,0,0,0,0,1,0,1
Ocamonte,0,0,0,1,0,0,0,0,0,1
El Peñol,1,0,0,0,0,0,0,0,0,1
El Espino,1,0,0,0,0,0,0,0,0,1
Pácora,1,0,0,0,0,0,0,0,0,1
Guaitarilla,1,0,0,0,0,0,0,0,0,1
El Calvario,1,0,0,0,0,0,0,0,0,1
Piedras,1,0,0,0,0,0,0,0,0,1
Pesca,0,0,0,0,0,0,0,0,1,1
Fómeque,1,0,0,0,0,0,0,0,0,1
Girardot,1,0,0,0,0,0,0,0,0,1
Paratebueno,1,0,0,0,0,0,0,0,0,1
Entrerríos,0,0,0,0,1,0,0,0,0,1
Pijiño del Carmen,0,0,1,0,0,0,0,0,0,1
Falan,0,0,0,0,0,0,0,0,1,1
Galán,0,0,0,0,0,0,1,0,0,1
Almeida,1,0,0,0,0,0,0,0,0,1
Belmira,1,0,0,0,0,0,0,0,0,1
Palocabildo,0,0,0,0,0,0,0,0,1,1
Barranca de Upía,0,0,1,0,0,0,0,0,0,1
Palmas del Socorro,0,0,0,0,0,1,0,0,0,1
Íquira,1,0,0,0,0,0,0,0,0,1
Aguada,0,0,0,0,0,0,1,0,0,1
Aguadas,0,0,0,0,0,0,1,0,0,1
Alcalá,0,0,0,0,0,0,0,0,0,0
Zetaquira,0,0,0,0,0,0,0,0,0,0
Zapayán,0,0,0,0,0,0,0,0,0,0
La Calera,0,0,0,0,0,0,0,0,0,0
La Capilla,0,0,0,0,0,0,0,0,0,0
Ubaté,0,0,0,0,0,0,0,0,0,0
Ulloa,0,0,0,0,0,0,0,0,0,0
Une,0,0,0,0,0,0,0,0,0,0
Unguía - Costa,0,0,0,0,0,0,0,0,0,0
Uribia,0,0,0,0,0,0,0,0,0,0
Uribia - Costa,0,0,0,0,0,0,0,0,0,0
Valle de San Juan,0,0,0,0,0,0,0,0,0,0
Venadillo,0,0,0,0,0,0,0,0,0,0
Ventaquemada,0,0,0,0,0,0,0,0,0,0
Vetas,0,0,0,0,0,0,0,0,0,0
Iles,0,0,0,0,0,0,0,0,0,0
Imués,0,0,0,0,0,0,0,0,0,0
Itagüí,0,0,0,0,0,0,0,0,0,0
Iza,0,0,0,0,0,0,0,0,0,0
Funza,0,0,0,0,0,0,0,0,0,0
Fusagasugá,0,0,0,0,0,0,0,0,0,0
Peñol,0,0,0,0,0,0,0,0,0,0
Palmar de Varela,0,0,0,0,0,0,0,0,0,0
Palmira,0,0,0,0,0,0,0,0,0,0
Palmito,0,0,0,0,0,0,0,0,0,0
Pandi,0,0,0,0,0,0,0,0,0,0
Panqueba,0,0,0,0,0,0,0,0,0,0
Barranquilla,0,0,0,0,0,0,0,0,0,0
Barranquilla - Costa,0,0,0,0,0,0,0,0,0,0
Belalcazar,0,0,0,0,0,0,0,0,0,0
Belén,0,0,0,0,0,0,0,0,0,0
Belén de Umbría,0,0,0,0,0,0,0,0,0,0
Alpujarra,0,0,0,0,0,0,0,0,0,0
Altamira,0,0,0,0,0,0,0,0,0,0
Alvarado,0,0,0,0,0,0,0,0,0,0
Gachantivá,0,0,0,0,0,0,0,0,0,0
Galapa,0,0,0,0,0,0,0,0,0,0
Galeras,0,0,0,0,0,0,0,0,0,0
Gamarra,0,0,0,0,0,0,0,0,0,0
Garagoa,0,0,0,0,0,0,0,0,0,0
Garzón,0,0,0,0,0,0,0,0,0,0
Ginebra,0,0,0,0,0,0,0,0,0,0
Palmar,0,0,0,0,0,0,0,0,0,0
Berbeo,0,0,0,0,0,0,0,0,0,0
Pasca,0,0,0,0,0,0,0,0,0,0
Paz de Río,0,0,0,0,0,0,0,0,0,0
Floresta,0,0,0,0,0,0,0,0,0,0
Florida,0,0,0,0,0,0,0,0,0,0
Fosca,0,0,0,0,0,0,0,0,0,0
Francisco Pizarro - Costa,0,0,0,0,0,0,0,0,0,0
Fredonia,0,0,0,0,0,0,0,0,0,0
Providencia y Santa Catalina - Costa,0,0,0,0,0,0,0,0,0,0
Pueblo Nuevo,0,0,0,0,0,0,0,0,0,0
Puebloviejo,0,0,0,0,0,0,0,0,0,0
Piendamó,0,0,0,0,0,0,0,0,0,0
Pijao,0,0,0,0,0,0,0,0,0,0
Pinillos,0,0,0,0,0,0,0,0,0,0
Piojó - Costa,0,0,0,0,0,0,0,0,0,0
El Rosal,0,0,0,0,0,0,0,0,0,0
Elías,0,0,0,0,0,0,0,0,0,0
Encino,0,0,0,0,0,0,0,0,0,0
Enciso,0,0,0,0,0,0,0,0,0,0
Envigado,0,0,0,0,0,0,0,0,0,0
Espinal,0,0,0,0,0,0,0,0,0,0
Facatativá,0,0,0,0,0,0,0,0,0,0
Fúquene,0,0,0,0,0,0,0,0,0,0
Gachancipá,0,0,0,0,0,0,0,0,0,0
Olaya,0,0,0,0,0,0,0,0,0,0
Olaya Herrera - Costa,0,0,0,0,0,0,0,0,0,0
Oporapa,0,0,0,0,0,0,0,0,0,0
Ospina,0,0,0,0,0,0,0,0,0,0
Pachavita,0,0,0,0,0,0,0,0,0,0
Padilla,0,0,0,0,0,0,0,0,0,0
Paicol,0,0,0,0,0,0,0,0,0,0
Palermo,0,0,0,0,0,0,0,0,0,0
Filandia,0,0,0,0,0,0,0,0,0,0
Firavitoba,0,0,0,0,0,0,0,0,0,0
Flandes,0,0,0,0,0,0,0,0,0,0
Pital,0,0,0,0,0,0,0,0,0,0
Polonuevo,0,0,0,0,0,0,0,0,0,0
Ponedera,0,0,0,0,0,0,0,0,0,0
Popayán,0,0,0,0,0,0,0,0,0,0
Providencia y Santa Catalina,0,0,0,0,0,0,0,0,0,0
El Banco,0,0,0,0,0,0,0,0,0,0
El Cerrito,0,0,0,0,0,0,0,0,0,0
El Charco - Costa,0,0,0,0,0,0,0,0,0,0
El Cocuy,0,0,0,0,0,0,0,0,0,0
El Colegio,0,0,0,0,0,0,0,0,0,0
Puebloviejo - Costa,0,0,0,0,0,0,0,0,0,0
Puerto Colombia - Costa,0,0,0,0,0,0,0,0,0,0
Puerto Escondido,0,0,0,0,0,0,0,0,0,0
El Litoral del San Juán - Costa,0,0,0,0,0,0,0,0,0,0
El Paso,0,0,0,0,0,0,0,0,0,0
El Piñón,0,0,0,0,0,0,0,0,0,0
El Retén,0,0,0,0,0,0,0,0,0,0
El Roble,0,0,0,0,0,0,0,0,0,0
Puerto Escondido - Costa,0,0,0,0,0,0,0,0,0,0
Obando,0,0,0,0,0,0,0,0,0,0
Oicatá,0,0,0,0,0,0,0,0,0,0
Guacamayas,0,0,0,0,0,0,0,0,0,0
Guachené,0,0,0,0,0,0,0,0,0,0
Guachetá,0,0,0,0,0,0,0,0,0,0
Guachucal,0,0,0,0,0,0,0,0,0,0
Gualmatán,0,0,0,0,0,0,0,0,0,0
Nuevo Colón,0,0,0,0,0,0,0,0,0,0
Nuquí - Costa,0,0,0,0,0,0,0,0,0,0
Nátaga,0,0,0,0,0,0,0,0,0,0
Puerto Salgar,0,0,0,0,0,0,0,0,0,0
Puerto Santander,0,0,0,0,0,0,0,0,0,0
Puerto Tejada,0,0,0,0,0,0,0,0,0,0
Pupiales,0,0,0,0,0,0,0,0,0,0
Puracé,0,0,0,0,0,0,0,0,0,0
Purificación,0,0,0,0,0,0,0,0,0,0
Purísima,0,0,0,0,0,0,0,0,0,0
Ebéjico,0,0,0,0,0,0,0,0,0,0
Málaga,0,0,0,0,0,0,0,0,0,0
Necoclí - Costa,0,0,0,0,0,0,0,0,0,0
Nilo,0,0,0,0,0,0,0,0,0,0
Nobsa,0,0,0,0,0,0,0,0,0,0
Nocaima,0,0,0,0,0,0,0,0,0,0
Páramo,0,0,0,0,0,0,0,0,0,0
Quetame,0,0,0,0,0,0,0,0,0,0
Quimbaya,0,0,0,0,0,0,0,0,0,0
Quinchía,0,0,0,0,0,0,0,0,0,0
Quipile,0,0,0,0,0,0,0,0,0,0
Ramiriquí,0,0,0,0,0,0,0,0,0,0
Recetor,0,0,0,0,0,0,0,0,0,0
Astrea,0,0,0,0,0,0,0,0,0,0
Bahía Solano - Costa,0,0,0,0,0,0,0,0,0,0
Bajo Baudó - Costa,0,0,0,0,0,0,0,0,0,0
Guaca,0,0,0,0,0,0,0,0,0,0
Momil,0,0,0,0,0,0,0,0,0,0
Mompós,0,0,0,0,0,0,0,0,0,0
Monguí,0,0,0,0,0,0,0,0,0,0
Barbosa,0,0,0,0,0,0,0,0,0,0
Barichara,0,0,0,0,0,0,0,0,0,0
Risaralda,0,0,0,0,0,0,0,0,0,0
California,0,0,0,0,0,0,0,0,0,0
Caloto,0,0,0,0,0,0,0,0,0,0
Campo de La Cruz,0,0,0,0,0,0,0,0,0,0
Canalete,0,0,0,0,0,0,0,0,0,0
Candelaria,0,0,0,0,0,0,0,0,0,0
Montenegro,0,0,0,0,0,0,0,0,0,0
Mosquera - Costa,0,0,0,0,0,0,0,0,0,0
Motavita,0,0,0,0,0,0,0,0,0,0
Moñitos,0,0,0,0,0,0,0,0,0,0
Moñitos - Costa,0,0,0,0,0,0,0,0,0,0
Rondón,0,0,0,0,0,0,0,0,0,0
Rosas,0,0,0,0,0,0,0,0,0,0
Ráquira,0,0,0,0,0,0,0,0,0,0
Ríohacha - Costa,0,0,0,0,0,0,0,0,0,0
Sabanagrande,0,0,0,0,0,0,0,0,0,0
Sabaneta,0,0,0,0,0,0,0,0,0,0
Dibulla - Costa,0,0,0,0,0,0,0,0,0,0
Dosquebradas,0,0,0,0,0,0,0,0,0,0
Cajicá,0,0,0,0,0,0,0,0,0,0
Guicán,0,0,0,0,0,0,0,0,0,0
"Bogotá, D.C.",0,0,0,0,0,0,0,0,0,0
Bojacá,0,0,0,0,0,0,0,0,0,0
Boyacá,0,0,0,0,0,0,0,0,0,0
Melgar,0,0,0,0,0,0,0,0,0,0
Mercaderes,0,0,0,0,0,0,0,0,0,0
Miranda,0,0,0,0,0,0,0,0,0,0
Cuítiva,0,0,0,0,0,0,0,0,0,0
Cácota,0,0,0,0,0,0,0,0,0,0
Cáqueza,0,0,0,0,0,0,0,0,0,0
San Estanislao,0,0,0,0,0,0,0,0,0,0
Calarcá,0,0,0,0,0,0,0,0,0,0
Sahagún,0,0,0,0,0,0,0,0,0,0
Saladoblanco,0,0,0,0,0,0,0,0,0,0
Saldaña,0,0,0,0,0,0,0,0,0,0
Samacá,0,0,0,0,0,0,0,0,0,0
Sampués,0,0,0,0,0,0,0,0,0,0
San Andrés - Costa,0,0,0,0,0,0,0,0,0,0
San Andrés de Sotavento,0,0,0,0,0,0,0,0,0,0
San Antero - Costa,0,0,0,0,0,0,0,0,0,0
San Antonio,0,0,0,0,0,0,0,0,0,0
San Antonio del Tequendama,0,0,0,0,0,0,0,0,0,0
San Benito,0,0,0,0,0,0,0,0,0,0
Guapi - Costa,0,0,0,0,0,0,0,0,0,0
Guapotá,0,0,0,0,0,0,0,0,0,0
Guaranda,0,0,0,0,0,0,0,0,0,0
Guarne,0,0,0,0,0,0,0,0,0,0
Guasca,0,0,0,0,0,0,0,0,0,0
Guatapé,0,0,0,0,0,0,0,0,0,0
Guatavita,0,0,0,0,0,0,0,0,0,0
Guateque,0,0,0,0,0,0,0,0,0,0
Guayabal de Síquima,0,0,0,0,0,0,0,0,0,0
San Benito Abad,0,0,0,0,0,0,0,0,0,0
San Bernardo del Viento,0,0,0,0,0,0,0,0,0,0
San Bernardo del Viento - Costa,0,0,0,0,0,0,0,0,0,0
San Cristóbal,0,0,0,0,0,0,0,0,0,0
San Eduardo,0,0,0,0,0,0,0,0,0,0
Cucaita,0,0,0,0,0,0,0,0,0,0
Cucunubá,0,0,0,0,0,0,0,0,0,0
Cuaspud,0,0,0,0,0,0,0,0,0,0
San Fernando,0,0,0,0,0,0,0,0,0,0
San José de La Montaña,0,0,0,0,0,0,0,0,0,0
San José de Miranda,0,0,0,0,0,0,0,0,0,0
San Juan de Betulia,0,0,0,0,0,0,0,0,0,0
San Juan de Rioseco,0,0,0,0,0,0,0,0,0,0
San Juan de Urabá,0,0,0,0,0,0,0,0,0,0
San Juan de Urabá - Costa,0,0,0,0,0,0,0,0,0,0
San Juanito,0,0,0,0,0,0,0,0,0,0
San Lorenzo,0,0,0,0,0,0,0,0,0,0
San Marcos,0,0,0,0,0,0,0,0,0,0
San Mateo,0,0,0,0,0,0,0,0,0,0
Aranzazu,0,0,0,0,0,0,0,0,0,0
Bituima,0,0,0,0,0,0,0,0,0,0
Boavita,0,0,0,0,0,0,0,0,0,0
Guamo,0,0,0,0,0,0,0,0,0,0
San Pedro de Cartago,0,0,0,0,0,0,0,0,0,0
San Pelayo,0,0,0,0,0,0,0,0,0,0
Aratoca,0,0,0,0,0,0,0,0,0,0
Arbeláez,0,0,0,0,0,0,0,0,0,0
Arboleda,0,0,0,0,0,0,0,0,0,0
Contadero,0,0,0,0,0,0,0,0,0,0
Copacabana,0,0,0,0,0,0,0,0,0,0
Coper,0,0,0,0,0,0,0,0,0,0
Corinto,0,0,0,0,0,0,0,0,0,0
Corozal,0,0,0,0,0,0,0,0,0,0
Corrales,0,0,0,0,0,0,0,0,0,0
Cota,0,0,0,0,0,0,0,0,0,0
Cotorra,0,0,0,0,0,0,0,0,0,0
Covarachía,0,0,0,0,0,0,0,0,0,0
Coveñas - Costa,0,0,0,0,0,0,0,0,0,0
Coyaima,0,0,0,0,0,0,0,0,0,0
Manaure,0,0,0,0,0,0,0,0,0,0
Manaure - Costa,0,0,0,0,0,0,0,0,0,0
Manizales,0,0,0,0,0,0,0,0,0,0
Manta,0,0,0,0,0,0,0,0,0,0
Manzanares,0,0,0,0,0,0,0,0,0,0
Margarita,0,0,0,0,0,0,0,0,0,0
Marinilla,0,0,0,0,0,0,0,0,0,0
Marmato,0,0,0,0,0,0,0,0,0,0
Marquetalia,0,0,0,0,0,0,0,0,0,0
Marulanda,0,0,0,0,0,0,0,0,0,0
Betéitiva,0,0,0,0,0,0,0,0,0,0
Arboletes - Costa,0,0,0,0,0,0,0,0,0,0
Arcabuco,0,0,0,0,0,0,0,0,0,0
Armenia,0,0,0,0,0,0,0,0,0,0
San Onofre - Costa,0,0,0,0,0,0,0,0,0,0
San Pedro,0,0,0,0,0,0,0,0,0,0
Santander de Quilichao,0,0,0,0,0,0,0,0,0,0
Santo Tomás,0,0,0,0,0,0,0,0,0,0
Sapuyes,0,0,0,0,0,0,0,0,0,0
Sasaima,0,0,0,0,0,0,0,0,0,0
Sativanorte,0,0,0,0,0,0,0,0,0,0
Sativasur,0,0,0,0,0,0,0,0,0,0
Sesquilé,0,0,0,0,0,0,0,0,0,0
Santa Bárbara - Costa,0,0,0,0,0,0,0,0,0,0
Santa Catalina - Costa,0,0,0,0,0,0,0,0,0,0
Ciénaga - Costa,0,0,0,0,0,0,0,0,0,0
Ciénaga de Oro,0,0,0,0,0,0,0,0,0,0
Ciénega,0,0,0,0,0,0,0,0,0,0
Coello,0,0,0,0,0,0,0,0,0,0
Cogua,0,0,0,0,0,0,0,0,0,0
Malambo,0,0,0,0,0,0,0,0,0,0
Manatí,0,0,0,0,0,0,0,0,0,0
Machetá,0,0,0,0,0,0,0,0,0,0
Guática,0,0,0,0,0,0,0,0,0,0
Gámeza,0,0,0,0,0,0,0,0,0,0
Génova,0,0,0,0,0,0,0,0,0,0
Güepsa,0,0,0,0,0,0,0,0,0,0
Hatillo de Loba,0,0,0,0,0,0,0,0,0,0
Buenaventura - Costa,0,0,0,0,0,0,0,0,0,0
Buga,0,0,0,0,0,0,0,0,0,0
Madrid,0,0,0,0,0,0,0,0,0,0
Magangué,0,0,0,0,0,0,0,0,0,0
Majagual,0,0,0,0,0,0,0,0,0,0
Santa Lucía,0,0,0,0,0,0,0,0,0,0
Santa Marta - Costa,0,0,0,0,0,0,0,0,0,0
Santa Rosa de Viterbo,0,0,0,0,0,0,0,0,0,0
Santa Rosalía,0,0,0,0,0,0,0,0,0,0
Santa Sofía,0,0,0,0,0,0,0,0,0,0
Circasia,0,0,0,0,0,0,0,0,0,0
Cisneros,0,0,0,0,0,0,0,0,0,0
Sopó,0,0,0,0,0,0,0,0,0,0
Siachoque,0,0,0,0,0,0,0,0,0,0
Sibaté,0,0,0,0,0,0,0,0,0,0
Sibundoy,0,0,0,0,0,0,0,0,0,0
Silos,0,0,0,0,0,0,0,0,0,0
Simijaca,0,0,0,0,0,0,0,0,0,0
Sincé,0,0,0,0,0,0,0,0,0,0
Sitionuevo - Costa,0,0,0,0,0,0,0,0,0,0
Soacha,0,0,0,0,0,0,0,0,0,0
Soatá,0,0,0,0,0,0,0,0,0,0
Socha,0,0,0,0,0,0,0,0,0,0
Sogamoso,0,0,0,0,0,0,0,0,0,0
López - Costa,0,0,0,0,0,0,0,0,0,0
Macaravita,0,0,0,0,0,0,0,0,0,0
Sutamarchán,0,0,0,0,0,0,0,0,0,0
Sutatausa,0,0,0,0,0,0,0,0,0,0
Sutatenza,0,0,0,0,0,0,0,0,0,0
Suán,0,0,0,0,0,0,0,0,0,0
Sáchica,0,0,0,0,0,0,0,0,0,0
Tabio,0,0,0,0,0,0,0,0,0,0
Soledad,0,0,0,0,0,0,0,0,0,0
Somondoco,0,0,0,0,0,0,0,0,0,0
Soplaviento,0,0,0,0,0,0,0,0,0,0
Chivatá,0,0,0,0,0,0,0,0,0,0
Chivolo,0,0,0,0,0,0,0,0,0,0
Choachí,0,0,0,0,0,0,0,0,0,0
Chocontá,0,0,0,0,0,0,0,0,0,0
Chía,0,0,0,0,0,0,0,0,0,0
Chíquiza,0,0,0,0,0,0,0,0,0,0
Cicuco,0,0,0,0,0,0,0,0,0,0
La Victoria,0,0,0,0,0,0,0,0,0,0
La Virginia,0,0,0,0,0,0,0,0,0,0
Labateca,0,0,0,0,0,0,0,0,0,0
Lenguazaque,0,0,0,0,0,0,0,0,0,0
Lorica,0,0,0,0,0,0,0,0,0,0
Los Córdobas,0,0,0,0,0,0,0,0,0,0
Los Córdobas - Costa,0,0,0,0,0,0,0,0,0,0
Los Santos,0,0,0,0,0,0,0,0,0,0
Lérida,0,0,0,0,0,0,0,0,0,0
Sora,0,0,0,0,0,0,0,0,0,0
Soracá,0,0,0,0,0,0,0,0,0,0
Subachoque,0,0,0,0,0,0,0,0,0,0
Supatá,0,0,0,0,0,0,0,0,0,0
Supia,0,0,0,0,0,0,0,0,0,0
Susa,0,0,0,0,0,0,0,0,0,0
Susacón,0,0,0,0,0,0,0,0,0,0
Chinú,0,0,0,0,0,0,0,0,0,0
Chipaque,0,0,0,0,0,0,0,0,0,0
Chipatá,0,0,0,0,0,0,0,0,0,0
Chiquinquirá,0,0,0,0,0,0,0,0,0,0
Tena,0,0,0,0,0,0,0,0,0,0
Tenza,0,0,0,0,0,0,0,0,0,0
Talaigua Nuevo,0,0,0,0,0,0,0,0,0,0
Tangua,0,0,0,0,0,0,0,0,0,0
Andalucía,0,0,0,0,0,0,0,0,0,0
Anserma,0,0,0,0,0,0,0,0,0,0
Ansermanuevo,0,0,0,0,0,0,0,0,0,0
Apulo,0,0,0,0,0,0,0,0,0,0
Apía,0,0,0,0,0,0,0,0,0,0
Tarqui,0,0,0,0,0,0,0,0,0,0
La Tola - Costa,0,0,0,0,0,0,0,0,0,0
La Uvita,0,0,0,0,0,0,0,0,0,0
La Sierra,0,0,0,0,0,0,0,0,0,0
La Tebaida,0,0,0,0,0,0,0,0,0,0
Busbanzá,0,0,0,0,0,0,0,0,0,0
Cachipay,0,0,0,0,0,0,0,0,0,0
Caicedonia,0,0,0,0,0,0,0,0,0,0
Caimito,0,0,0,0,0,0,0,0,0,0
Cajamarca,0,0,0,0,0,0,0,0,0,0
Hato Nuevo,0,0,0,0,0,0,0,0,0,0
Heliconia,0,0,0,0,0,0,0,0,0,0
Herrán,0,0,0,0,0,0,0,0,0,0
Tarso,0,0,0,0,0,0,0,0,0,0
Tasco,0,0,0,0,0,0,0,0,0,0
Tausa,0,0,0,0,0,0,0,0,0,0
Chaguaní,0,0,0,0,0,0,0,0,0,0
Chinavita,0,0,0,0,0,0,0,0,0,0
Chinchiná,0,0,0,0,0,0,0,0,0,0
Turbo - Costa,0,0,0,0,0,0,0,0,0,0
Teruel,0,0,0,0,0,0,0,0,0,0
Tesalia,0,0,0,0,0,0,0,0,0,0
Tibacuy,0,0,0,0,0,0,0,0,0,0
Tibaná,0,0,0,0,0,0,0,0,0,0
Tibasosa,0,0,0,0,0,0,0,0,0,0
Tibirita,0,0,0,0,0,0,0,0,0,0
Timaná,0,0,0,0,0,0,0,0,0,0
Timbiquí - Costa,0,0,0,0,0,0,0,0,0,0
Timbío,0,0,0,0,0,0,0,0,0,0
Tinjacá,0,0,0,0,0,0,0,0,0,0
Tipacoque,0,0,0,0,0,0,0,0,0,0
Toca,0,0,0,0,0,0,0,0,0,0
Tocaima,0,0,0,0,0,0,0,0,0,0
Tocancipá,0,0,0,0,0,0,0,0,0,0
La Pintada,0,0,0,0,0,0,0,0,0,0
Cerrito,0,0,0,0,0,0,0,0,0,0
Cerro de San Antonio,0,0,0,0,0,0,0,0,0,0
Támesis,0,0,0,0,0,0,0,0,0,0
Tópaga,0,0,0,0,0,0,0,0,0,0
Ubaque,0,0,0,0,0,0,0,0,0,0
Tolú,0,0,0,0,0,0,0,0,0,0
Tolú - Costa,0,0,0,0,0,0,0,0,0,0
Toro,0,0,0,0,0,0,0,0,0,0
Tota,0,0,0,0,0,0,0,0,0,0
Totoró,0,0,0,0,0,0,0,0,0,0
Tubará - Costa,0,0,0,0,0,0,0,0,0,0
Tuchín,0,0,0,0,0,0,0,0,0,0
Tumaco - Costa,0,0,0,0,0,0,0,0,0,0
Tunja,0,0,0,0,0,0,0,0,0,0
Turbaco,0,0,0,0,0,0,0,0,0,0
Turbana - Costa,0,0,0,0,0,0,0,0,0,0
Jambaló,0,0,0,0,0,0,0,0,0,0
Jardín,0,0,0,0,0,0,0,0,0,0
Jenesano,0,0,0,0,0,0,0,0,0,0
La Merced,0,0,0,0,0,0,0,0,0,0
La Mesa,0,0,0,0,0,0,0,0,0,0
La Palma,0,0,0,0,0,0,0,0,0,0
Turmequé,0,0,0,0,0,0,0,0,0,0
Tuta,0,0,0,0,0,0,0,0,0,0
Tutazá,0,0,0,0,0,0,0,0,0,0
Carmen de Carupa,0,0,0,0,0,0,0,0,0,0
Carolina,0,0,0,0,0,0,0,0,0,0
Cartagena de Indias - Costa,0,0,0,0,0,0,0,0,0,0
Cartago,0,0,0,0,0,0,0,0,0,0
Cepitá,0,0,0,0,0,0,0,0,0,0
Cereté,0,0,0,0,0,0,0,0,0,0
Cerinza,0,0,0,0,0,0,0,0,0,0
Villavieja,0,0,0,0,0,0,0,0,0,0
Aldana,0,0,0,0,0,0,0,0,0,0
Algarrobo,0,0,0,0,0,0,0,0,0,0
Yaguará,0,0,0,0,0,0,0,0,0,0
Yumbo,0,0,0,0,0,0,0,0,0,0
Capitanejo,0,0,0,0,0,0,0,0,0,0
Caramanta,0,0,0,0,0,0,0,0,0,0
Carcasí,0,0,0,0,0,0,0,0,0,0
Almaguer,0,0,0,0,0,0,0,0,0,0
Zipacón,0,0,0,0,0,0,0,0,0,0
Zipaquirá,0,0,0,0,0,0,0,0,0,0
Acandí - Costa,0,0,0,0,0,0,0,0,0,0
Juan de Acosta - Costa,0,0,0,0,0,0,0,0,0,0
Juradó - Costa,0,0,0,0,0,0,0,0,0,0
La Apartada,0,0,0,0,0,0,0,0,0,0
La Argentina,0,0,0,0,0,0,0,0,0,0
Anapoima,0,0,0,0,0,0,0,0,0,0
Vijes,0,0,0,0,0,0,0,0,0,0
Villa Rica,0,0,0,0,0,0,0,0,0,0
Villa de Leiva,0,0,0,0,0,0,0,0,0,0
Villa del Rosario,0,0,0,0,0,0,0,0,0,0
Villagómez,0,0,0,0,0,0,0,0,0,0
Área en Litigio,0,0,0,0,0,0,0,0,0,0
Úmbita,0,0,0,0,0,0,0,0,0,0
Agrado,0,0,0,0,0,0,0,0,0,0
Agua de Dios,0,0,0,0,0,0,0,0,0,0
Aipe,0,0,0,0,0,0,0,0,0,0
Albán,0,0,0,0,0,0,0,0,0,0
Viotá,0,0,0,0,0,0,0,0,0,0
Viracachá,0,0,0,0,0,0,0,0,0,0
Viterbo,0,0,0,0,0,0,0,0,0,0
Villapinzón,0,0,0,0,0,0,0,0,0,0
