departamento,municipio,riqueza_especies,especies_CR,especies_EN,especies_VU,indice_amenaza,indice_biodiversidad,pct_bosque,pct_palma,pct_agro,pct_otras,anp,resguardo,dist_glad_media,glad_presion
Amazonas,ETI Bajo Río Caquetá,1,0,0,1,1,1,0.8333333333333334,0.0,0.16666666666666666,-2.7755575615628914e-17,0,1,12504.716666666667,7.996343005798681e-05
Antioquia,Abejorral,1,0,1,0,2,2,1.0,0.0,0.0,0.0,0,0,10411.3,9.60402600770243e-05
Antioquia,Amagá,1,0,0,1,1,1,0.0,0.0,1.0,0.0,0,0,3531.7,0.00028306960681631616
Antioquia,Amalfi,6,0,2,4,8,48,0.47619047619047616,0.0,0.5238095238095238,0.0,0,0,3468.904761904762,0.0002881923478069935
Antioquia,Andes,2,0,1,1,3,6,0.5,0.0,0.5,0.0,0,0,4471.55,0.00022358609741646263
Antioquia,Angostura,1,0,1,0,2,2,0.0,0.0,0.0,1.0,0,0,23998.45,4.1667621549660515e-05
Antioquia,Anorí,6,0,3,3,9,54,0.8888888888888888,0.0,0.1111111111111111,5.551115123125783e-17,0,0,2935.141666666667,0.0003405830213687464
Antioquia,Apartadó,1,0,1,0,2,2,0.0,0.0,1.0,0.0,0,0,5761.4,0.0001735388032764126
Antioquia,Arboletes,1,0,1,0,2,2,0.0,0.0,1.0,0.0,0,0,36173.5125,2.764377267005326e-05
Antioquia,Barbosa,1,0,1,0,2,2,0.0,0.0,1.0,0.0,0,0,34097.6,2.9326717225927165e-05
Antioquia,Bello,4,0,0,4,4,16,0.09722222222222222,0.0,0.6388888888888888,0.26388888888888895,0,0,12544.083333333334,7.971250357045588e-05
Antioquia,Belmira,3,0,1,2,4,12,0.3333333333333333,0.0,0.0,0.6666666666666667,0,0,19949.13888888889,5.012496432077192e-05
Antioquia,Betania,1,0,1,0,2,2,1.0,0.0,0.0,0.0,0,0,7501.400000000001,0.00013329068031563233
Antioquia,Caicedo,1,0,0,1,1,1,1.0,0.0,0.0,0.0,0,0,5642.7,0.00017718872370962313
Antioquia,Caramanta,1,0,1,0,2,2,0.3333333333333333,0.0,0.6666666666666666,1.1102230246251565e-16,0,0,3945.6,0.0002533826584908529
Antioquia,Carepa,2,1,1,0,5,10,0.0,0.0,0.9565217391304348,0.04347826086956519,0,0,6151.691304347827,0.00016253050096846976
Antioquia,Carmen de Viboral,6,0,2,4,8,48,1.0,0.0,0.0,0.0,0,0,4077.0454545454545,0.00024521551099568643
Antioquia,Carolina,1,0,0,1,1,1,0.0,0.0,0.0,1.0,0,0,22567.9,4.430876117134641e-05
Antioquia,Caucasia,2,0,2,0,4,8,0.0,0.0,0.9230769230769231,0.07692307692307687,0,0,20805.723076923077,4.806138844175366e-05
Antioquia,Chigorodó,2,1,1,0,5,10,0.0,0.0,1.0,0.0,0,0,11617.745454545455,8.606781204667692e-05
Antioquia,Cocorná,2,0,1,1,3,6,0.2,0.0,0.8,0.0,0,0,7550.873333333334,0.00013241747522248342
Antioquia,Concordia,1,0,1,0,2,2,1.0,0.0,0.0,0.0,0,0,14623.8,6.837700344620098e-05
Antioquia,Copacabana,2,1,0,1,4,8,0.0,0.0,1.0,0.0,0,0,22518.5,4.440595927973534e-05
Antioquia,Cáceres,1,0,1,0,2,2,1.0,0.0,0.0,0.0,0,0,9598.6,0.00010417100712529688
Antioquia,Ebéjico,1,0,1,0,2,2,0.0,0.0,1.0,0.0,0,0,4628.2,0.0002160200466603301
Antioquia,El Bagre,2,0,2,0,4,8,0.5454545454545454,0.0,0.0,0.4545454545454546,0,0,708.4727272727272,0.0014094974500909769
Antioquia,Envigado,2,0,1,1,3,6,0.5,0.0,0.0,0.5,0,0,5437.1,0.00018388775491440023
Antioquia,Frontino,3,0,1,2,4,12,0.48484848484848486,0.0,0.5151515151515151,0.0,1,1,1635.9848484848487,0.0006108792032654269
Antioquia,Girardota,1,0,1,0,2,2,0.0,0.0,1.0,0.0,0,0,25016.1,3.9972658701448214e-05
Antioquia,Granada,2,0,1,1,3,6,0.0,0.0,1.0,0.0,0,0,7776.85,0.00012857023470496344
Antioquia,Guarne,4,0,2,2,6,24,0.125,0.0,0.5,0.375,1,0,23691.6625,4.220716012816204e-05
Antioquia,Guatapé,2,0,2,0,4,8,0.0,0.0,0.5,0.5,0,0,7535.049999999999,0.00013269551024741079
Antioquia,Jardín,3,0,2,1,5,15,0.7777777777777778,0.0,0.2222222222222222,0.0,0,0,6954.377777777777,0.0001437736427768122
Antioquia,Jericó,2,0,2,0,4,8,0.0,0.0,1.0,0.0,0,0,15046.428571428574,6.645653742452435e-05
Antioquia,La Ceja,1,0,1,0,2,2,0.0,0.0,1.0,0.0,0,0,10778.7,9.276696011948383e-05
Antioquia,La Estrella,1,0,1,0,2,2,0.0,0.0,1.0,0.0,0,0,4272.0,0.0002340276152586005
Antioquia,Liborina,1,0,1,0,2,2,1.0,0.0,0.0,0.0,0,0,4508.2,0.00022176882817351193
Antioquia,Maceo,1,0,0,1,1,1,1.0,0.0,0.0,0.0,0,0,823.8,0.0012124151309408342
Antioquia,Marinilla,2,1,1,0,5,10,0.5,0.0,0.5,0.0,0,0,11111.8,8.998632207904399e-05
Antioquia,Medellín,7,1,2,4,11,77,0.375,0.0,0.4375,0.1875,1,0,11736.934375,8.519386529625234e-05
Antioquia,Mutatá,2,1,0,1,4,8,0.25,0.0,0.75,0.0,0,1,4189.125,0.00023865636466692522
Antioquia,Nariño,1,0,1,0,2,2,1.0,0.0,0.0,0.0,0,0,2917.2,0.0003426769926667124
Antioquia,Nechí,2,0,1,1,3,6,0.0,0.0,0.0,1.0,0,0,5898.8,0.0001694972710939354
Antioquia,Necoclí,1,0,1,0,2,2,0.0,0.0,1.0,0.0,0,0,17201.306557377047,5.8131739291156826e-05
Antioquia,Peque,1,0,0,1,1,1,0.2,0.0,0.7,0.10000000000000009,0,0,2847.05,0.00035111743122487316
Antioquia,Puerto Nare,6,0,3,3,9,54,0.2894736842105263,0.0,0.7105263157894737,0.0,0,0,24459.05,4.088299083607761e-05
Antioquia,Puerto Triunfo,4,0,3,1,7,28,0.2391304347826087,0.0,0.7608695652173914,0.0,0,0,29301.6,3.412666452806236e-05
Antioquia,Retiro,2,0,1,1,3,6,0.0,0.0,0.5,0.5,1,0,4850.3,0.00020613031558551316
Antioquia,Ríonegro,1,0,1,0,2,2,0.0,0.0,1.0,0.0,0,0,14920.699999999999,6.701649275886797e-05
Antioquia,Salgar,1,0,0,1,1,1,0.0,0.0,1.0,0.0,0,0,12296.5,8.131734092295182e-05
Antioquia,San Andrés,1,0,1,0,2,2,0.0,0.0,1.0,0.0,0,0,11051.150000000001,9.048013282483498e-05
Antioquia,San Carlos,7,1,3,3,12,84,0.8666666666666667,0.0,0.13333333333333333,-2.7755575615628914e-17,0,0,5239.43111111111,0.00019082399497242385
Antioquia,San Francisco,3,0,0,3,3,9,0.5454545454545454,0.0,0.45454545454545453,5.551115123125783e-17,0,0,6322.763636363636,0.0001581336775855575
Antioquia,San José de La Montaña,3,0,1,2,4,12,0.041666666666666664,0.0,0.9583333333333334,0.0,0,0,11701.516666666668,8.545170483272115e-05
Antioquia,San Luis,8,0,4,4,12,96,0.421875,0.0,0.5625,0.015625,0,0,5964.1265625,0.00016764103653500647
Antioquia,San Pedro de Urabá,3,0,2,1,5,15,0.509090909090909,0.0,0.4909090909090909,5.551115123125783e-17,0,0,31513.470909090916,3.1731454508142546e-05
Antioquia,San Vicente,3,0,2,1,5,15,0.46875,0.0,0.53125,0.0,0,0,20835.071875,4.7993691229287905e-05
Antioquia,Santa Rosa de Osos,4,0,2,2,6,24,0.68,0.0,0.28,0.039999999999999925,0,0,26325.391999999996,3.79846961178729e-05
Antioquia,Santo Domingo,1,0,0,1,1,1,0.0,0.0,1.0,0.0,0,0,23248.599999999995,4.3011492670841656e-05
Antioquia,Santuario,1,0,1,0,2,2,0.0,0.0,1.0,0.0,0,0,6029.583333333333,0.00016582143794823608
Antioquia,Segovia,2,0,1,1,3,6,0.0,0.0,0.5,0.5,0,0,2798.125,0.00035725449917384895
Antioquia,Sonsón,7,0,3,4,10,70,0.7647058823529411,0.0,0.17647058823529413,0.05882352941176475,0,0,8682.95882352941,0.00011515485279484216
Antioquia,Tarazá,1,0,1,0,2,2,0.0,0.0,1.0,0.0,0,0,1705.9,0.0005858574023082781
Antioquia,Turbo,3,1,2,0,7,21,0.0,0.0,0.746031746031746,0.25396825396825395,0,0,12243.111111111111,8.167191484341679e-05
Antioquia,Támesis,4,0,4,0,8,32,0.9,0.0,0.1,-2.7755575615628914e-17,0,0,8736.540000000003,0.00011444868921916233
Antioquia,Urrao,1,0,0,1,1,1,0.09090909090909091,0.0,0.9090909090909091,0.0,1,0,4342.536363636363,0.00023022715047855857
Antioquia,Venecia,2,0,1,1,3,6,0.0,0.0,1.0,0.0,0,0,6182.284210526315,0.0001617263522025427
Antioquia,Vigía del Fuerte,1,1,0,0,3,3,1.0,0.0,0.0,0.0,0,0,7080.9,0.00014120504384416613
Antioquia,Yalí,1,0,0,1,1,1,1.0,0.0,0.0,0.0,0,0,20377.100000000002,4.907228838802439e-05
Antioquia,Yarumal,3,0,3,0,6,18,0.0,0.0,1.0,0.0,0,0,10662.300000000001,9.377959918599307e-05
Antioquia,Yondó,2,0,2,0,4,8,1.0,0.0,0.0,0.0,0,0,7747.85,0.0001290514076282287
Antioquia,Zaragoza,1,0,0,1,1,1,1.0,0.0,0.0,0.0,0,0,90.8,0.010893246187363835
Arauca,Arauca,1,0,0,1,1,1,0.0,0.0,0.0,1.0,0,0,29036.1,3.4438700834449723e-05
Arauca,Arauquita,2,1,0,1,4,8,0.0,0.0,0.8333333333333334,0.16666666666666663,0,0,175.45000000000002,0.0056673278549164065
Arauca,Cravo Norte,1,0,0,1,1,1,0.0,0.0,0.0,1.0,0,0,13377.7,7.474567783117941e-05
Arauca,Tame,1,0,0,1,1,1,1.0,0.0,0.0,0.0,1,0,4922.891666666666,0.00020309138943281653
Atlántico,Piojó,1,0,1,0,2,2,0.0,0.0,1.0,0.0,0,0,10704.6,9.340905694216111e-05
"Bogotá, D.C.","Bogotá, D.C.",4,0,3,1,7,28,0.1411764705882353,0.0,0.12941176470588237,0.7294117647058824,1,0,27083.205882352948,3.6921887403446544e-05
Bolívar,Cantagallo,4,0,2,2,6,24,1.0,0.0,0.0,0.0,0,0,1276.1399999999999,0.000782999514540301
Bolívar,Cartagena de Indias,1,0,1,0,2,2,1.0,0.0,0.0,0.0,0,0,6938.9,0.00014409429530684882
Bolívar,El Carmen de Bolívar,1,0,1,0,2,2,0.0,0.0,1.0,0.0,0,0,22659.8,4.4129068700134154e-05
Bolívar,El Guamo,1,0,1,0,2,2,0.0,0.0,0.0,1.0,0,0,41244.90000000001,2.4244834031988628e-05
Bolívar,María La Baja,1,0,1,0,2,2,0.0,0.0,1.0,0.0,0,0,6341.4,0.00015766902119071646
Bolívar,Norosí,1,0,1,0,2,2,0.0,0.0,0.0,1.0,0,0,10599.1,9.433873265346553e-05
Bolívar,San Jacinto,1,0,0,1,1,1,0.8666666666666667,0.0,0.06666666666666667,0.06666666666666664,0,0,21015.27333333333,4.758217520962328e-05
Bolívar,San Jacinto del Cauca,1,0,1,0,2,2,0.0,0.0,1.0,0.0,0,0,5155.7,0.00019392246979657533
Bolívar,San Juan Nepomuceno,2,0,1,1,3,6,0.9583333333333334,0.0,0.0,0.04166666666666663,0,0,20815.15416666667,4.803961346526345e-05
Bolívar,San Martín de Loba,1,0,1,0,2,2,0.0,0.0,0.0,1.0,0,0,55668.0,1.7963318902800482e-05
Bolívar,San Pablo,2,0,0,2,2,4,0.5,0.0,0.5,0.0,0,0,1010.9,0.000988239944658563
Bolívar,Santa Rosa del Sur,1,0,0,1,1,1,1.0,0.0,0.0,0.0,0,0,568.2,0.0017568517217146872
Bolívar,Talaigua Nuevo,2,0,1,1,3,6,0.0,0.0,0.0,1.0,0,0,88490.2,1.130055869962211e-05
Bolívar,Tiquisio,1,0,1,0,2,2,0.0,0.0,1.0,0.0,0,0,13141.3,7.609018208380573e-05
Bolívar,Turbaco,4,1,2,1,8,32,0.0,0.0,0.375,0.625,0,0,14250.5,7.016805248570325e-05
Bolívar,Turbana,2,0,1,1,3,6,0.0,0.0,1.0,0.0,0,0,6369.0,0.00015698587127158556
Boyacá,Arcabuco,4,0,2,2,6,24,0.5,0.0,0.5,0.0,0,0,33614.725,2.974798252900986e-05
Boyacá,Boyacá,1,0,1,0,2,2,0.0,0.0,0.0,1.0,0,0,50659.0,1.9739439399921042e-05
Boyacá,Campohermoso,1,0,1,0,2,2,1.0,0.0,0.0,0.0,0,0,23762.9,4.208063491261956e-05
Boyacá,Cerinza,1,0,0,1,1,1,0.0,0.0,0.0,1.0,0,0,24110.5,4.147398544263111e-05
Boyacá,Chinavita,1,0,1,0,2,2,0.0,0.0,1.0,0.0,0,0,35680.7,2.802557053055208e-05
Boyacá,Cubará,1,0,0,1,1,1,1.0,0.0,0.0,0.0,0,0,1244.8444444444442,0.0008026684265915133
Boyacá,Duitama,1,0,1,0,2,2,1.0,0.0,0.0,0.0,0,0,1554.5,0.0006428801028608164
Boyacá,Garagoa,2,0,1,1,3,6,0.4,0.0,0.4,0.19999999999999996,0,0,29291.340000000004,3.413861780929758e-05
Boyacá,Miraflores,1,0,1,0,2,2,0.0,0.0,1.0,0.0,0,0,29167.1,3.428402947055174e-05
Boyacá,Moniquirá,1,0,1,0,2,2,0.0,0.0,1.0,0.0,0,0,32773.7,3.05113395393398e-05
Boyacá,Pachavita,1,0,1,0,2,2,0.0,0.0,1.0,0.0,0,0,33590.9,2.9769081236845785e-05
Boyacá,Pajarito,2,0,2,0,4,8,0.8,0.0,0.2,-5.551115123125783e-17,0,0,7066.040000000001,0.00014150195838710407
Boyacá,Paya,1,1,0,0,3,3,1.0,0.0,0.0,0.0,0,0,5670.5,0.00017632019747862118
Boyacá,Pesca,1,0,0,1,1,1,0.0,0.0,1.0,0.0,0,0,23688.3,4.221315108508905e-05
Boyacá,Puerto Boyacá,5,0,4,1,9,45,0.15,0.0,0.85,0.0,0,0,26419.034999999996,3.785006340831873e-05
Boyacá,Rondón,1,0,1,0,2,2,0.0,0.0,1.0,0.0,0,0,36072.4,2.772125721445719e-05
Boyacá,Saboyá,1,0,1,0,2,2,0.0,0.0,1.0,0.0,0,0,43479.2,2.2998974245748642e-05
Boyacá,Soatá,1,0,1,0,2,2,0.0,0.0,1.0,0.0,0,0,15979.6,6.257587324631115e-05
Boyacá,Sotaquirá,1,0,0,1,1,1,1.0,0.0,0.0,0.0,0,0,20987.7,4.764468499716514e-05
Boyacá,Tota,1,0,1,0,2,2,0.0,0.0,0.0,1.0,0,0,17025.7,5.873128674376127e-05
Boyacá,Villa de Leiva,2,0,2,0,4,8,0.0,0.0,0.8,0.19999999999999996,0,0,47546.060000000005,2.1031794605176426e-05
Caldas,Aranzazu,1,0,1,0,2,2,0.5,0.0,0.5,0.0,0,0,10935.8,9.143442323165826e-05
Caldas,Belalcazar,1,0,0,1,1,1,0.0,0.0,0.0,1.0,0,0,20932.0,4.777146132900205e-05
Caldas,Filadelfia,1,0,1,0,2,2,0.0,0.0,1.0,0.0,0,0,13190.9,7.580409190488103e-05
Caldas,La Dorada,4,0,4,0,8,32,0.12121212121212122,0.0,0.8787878787878788,0.0,0,0,44082.203030303026,2.2684377070164225e-05
Caldas,Manizales,6,0,3,3,9,54,0.696969696969697,0.0,0.18181818181818182,0.12121212121212116,0,0,5189.00909090909,0.00019267788986181494
Caldas,Marmato,1,0,1,0,2,2,1.0,0.0,0.0,0.0,0,0,7097.1,0.00014088277144587988
Caldas,Marulanda,1,0,1,0,2,2,1.0,0.0,0.0,0.0,0,0,12627.3,7.918722234980164e-05
Caldas,Neira,1,0,1,0,2,2,1.0,0.0,0.0,0.0,0,0,3833.3,0.0002608037973032887
Caldas,Norcasia,6,0,5,1,11,66,0.04,0.0,0.96,0.0,0,0,22907.092,4.365269704696489e-05
Caldas,Palestina,1,0,1,0,2,2,0.0,0.0,0.0,1.0,0,0,22664.8,4.411933397453432e-05
Caldas,Pensilvania,1,0,0,1,1,1,1.0,0.0,0.0,0.0,0,0,4172.6,0.00023960130343109065
Caldas,Ríosucio,2,0,1,1,3,6,0.4444444444444444,0.0,0.5555555555555556,0.0,0,1,5038.866666666667,0.00019841794756475037
Caldas,Salamina,1,0,1,0,2,2,0.3333333333333333,0.0,0.6666666666666666,1.1102230246251565e-16,0,0,18332.499999999996,5.454495868219381e-05
Caldas,Samaná,2,0,2,0,4,8,1.0,0.0,0.0,0.0,0,0,23517.050000000003,4.2520532101938716e-05
Caldas,Supia,2,0,2,0,4,8,0.0,0.0,1.0,0.0,0,1,8370.714285714284,0.00011944984812805025
Caldas,Victoria,2,0,2,0,4,8,1.0,0.0,0.0,0.0,0,0,28893.055555555555,3.4609194893990114e-05
Caldas,Villamaría,1,0,1,0,2,2,0.4,0.0,0.6,0.0,0,0,8571.759999999998,0.00011664854725899246
Caldas,Viterbo,1,1,0,0,3,3,0.0,0.0,0.0,1.0,0,0,10872.6,9.196586227192466e-05
Caquetá,Belén de Los Andaquíes,1,0,1,0,2,2,0.0,0.0,1.0,0.0,0,0,15065.8,6.637109406111451e-05
Caquetá,Florencia,2,0,1,1,3,6,1.0,0.0,0.0,0.0,0,0,5878.166666666667,0.00017009213323883768
Casanare,Aguazul,1,0,0,1,1,1,1.0,0.0,0.0,0.0,0,0,15112.8,6.616469716418108e-05
Casanare,Hato Corozal,2,1,0,1,4,8,0.47560975609756095,0.0,0.3048780487804878,0.21951219512195125,0,0,10768.951219512195,9.28509312269005e-05
Casanare,Maní,1,1,0,0,3,3,0.0,0.0,0.0,1.0,0,0,554.3,0.0018008283810552856
Casanare,Nunchía,1,0,0,1,1,1,1.0,0.0,0.0,0.0,0,0,8162.299999999999,0.00012249947937721266
Casanare,Orocué,1,0,0,1,1,1,0.0,0.0,1.0,0.0,0,0,19629.5,5.0941137515600726e-05
Casanare,Paz de Ariporo,2,1,0,1,4,8,0.0,0.0,0.3333333333333333,0.6666666666666667,0,1,2914.9,0.0003429472890016804
Casanare,Pore,2,1,0,1,4,8,0.5,0.0,0.5,0.0,0,0,14411.900000000001,6.938228947678814e-05
Casanare,San Luis de Palenque,2,1,0,1,4,8,0.0,0.0,0.10526315789473684,0.8947368421052632,0,0,1133.436842105263,0.000881494643760178
Casanare,Tauramena,2,1,0,1,4,8,0.0,0.0,0.003246753246753247,0.9967532467532467,0,0,3638.6922077922077,0.00027474850699163585
Casanare,Támara,1,0,0,1,1,1,0.6666666666666666,0.0,0.3333333333333333,5.551115123125783e-17,0,0,9696.166666666666,0.00010312290531598577
Casanare,Villanueva,2,1,0,1,4,8,0.35,0.0,0.25,0.4,0,0,11455.8425,8.728408372551163e-05
Casanare,Yopal,2,1,0,1,4,8,0.65625,0.0,0.34375,0.0,0,0,8878.946875000001,0.00011261328632667071
Cauca,El Tambo,2,0,2,0,4,8,1.0,0.0,0.0,0.0,0,0,669.025,0.0014924816238200069
Cauca,Guapi,1,0,1,0,2,2,0.0,0.0,1.0,0.0,0,0,3177.9,0.00031457422378810277
Cauca,Inzá,1,0,1,0,2,2,1.0,0.0,0.0,0.0,0,0,8019.2,0.00012468516994588663
Cauca,Santa Rosa,2,0,1,1,3,6,0.3333333333333333,0.0,0.3333333333333333,0.3333333333333334,0,0,3053.3333333333335,0.00032740368874822657
Cesar,Agustín Codazzi,3,0,3,0,6,18,0.03488372093023256,0.9534883720930233,0.011627906976744186,2.0816681711721685e-17,0,0,23440.0476744186,4.266020929991571e-05
Cesar,Becerril,1,0,1,0,2,2,0.0,0.0,1.0,0.0,0,0,13644.1,7.328638119178312e-05
Cesar,Chimichagua,2,0,2,0,4,8,0.47619047619047616,0.0,0.47619047619047616,0.04761904761904767,0,0,46486.004761904755,2.151138807763071e-05
Cesar,Curumaní,2,0,2,0,4,8,0.08333333333333333,0.0,0.9166666666666666,0.0,0,0,19597.741666666665,5.1023683918482864e-05
Cesar,Gamarra,2,0,2,0,4,8,0.0,0.0,0.0,1.0,0,0,36715.9,2.7235414754513587e-05
Cesar,La Jagua de Ibirico,1,0,1,0,2,2,0.0,0.0,1.0,0.0,0,0,15631.7,6.396847633486217e-05
Cesar,La Paz,1,0,1,0,2,2,1.0,0.0,0.0,0.0,0,0,17974.5,5.563127590331284e-05
Cesar,Manaure Balcón del Cesar,1,0,1,0,2,2,1.0,0.0,0.0,0.0,0,0,15506.5,6.448492664839594e-05
Cesar,Rio de Oro,1,0,1,0,2,2,0.8,0.0,0.2,-5.551115123125783e-17,0,0,20321.359999999997,4.9206883452512415e-05
Cesar,San Alberto,1,0,0,1,1,1,0.5,0.0,0.5,0.0,0,0,24909.9,4.0143069901127616e-05
Cesar,San Martín,1,0,1,0,2,2,0.0,0.0,1.0,0.0,0,0,20033.7,4.991340025056527e-05
Chocó,Acandí,9,0,2,7,11,99,0.8571428571428571,0.0,0.07142857142857142,0.07142857142857148,1,0,2398.854761904762,0.00041669188313975345
Chocó,Bahía Solano,3,0,1,2,4,12,0.6666666666666666,0.0,0.0,0.33333333333333337,0,0,5005.566666666667,0.00019973767784975732
Chocó,Bajo Baudó,1,0,0,1,1,1,1.0,0.0,0.0,0.0,0,0,5298.4,0.00018870060761595652
Chocó,Carmen del Darién,1,1,0,0,3,3,0.0,0.0,0.0,1.0,0,0,4460.8,0.00022412479268456675
Chocó,El Carmen,2,0,1,1,3,6,0.1,0.0,0.9,0.0,0,0,2132.11,0.00046879907740341565
Chocó,El Litoral del San Juán,1,0,0,1,1,1,1.0,0.0,0.0,0.0,0,1,2552.7,0.0003915886752555116
Chocó,Juradó,3,0,2,1,5,15,1.0,0.0,0.0,0.0,0,0,3941.75,0.0002536300805275506
Chocó,Rio Quito,1,0,0,1,1,1,1.0,0.0,0.0,0.0,0,0,4304.8,0.00023224487900041802
Chocó,Ríosucio,4,1,2,1,8,32,0.34285714285714286,0.0,0.6285714285714286,0.02857142857142858,1,0,5048.722857142858,0.00019803066985854385
Chocó,San José del Palmar,1,0,0,1,1,1,1.0,0.0,0.0,0.0,0,0,919.8,0.0010860121633362294
Chocó,Sipí,1,0,1,0,2,2,1.0,0.0,0.0,0.0,0,0,3866.6,0.0002585582790360947
Chocó,Unguía,3,1,2,0,7,21,0.02702702702702703,0.0,0.19932432432432431,0.7736486486486487,1,1,1634.7817567567567,0.0006113284953016513
Chocó,Unión Panamericana,1,0,1,0,2,2,0.0,0.0,0.0,1.0,0,0,2409.2,0.0004149033275246868
Chocó,Valledupar,1,0,1,0,2,2,1.0,0.0,0.0,0.0,0,0,4465.34,0.00022389697156956255
Chocó - Costa,Juradó - Costa,1,0,1,0,2,2,0.0,0.0,0.0,1.0,0,0,2344.7,0.0004263119751033807
Cundinamarca,Bojacá,1,0,1,0,2,2,0.0,0.0,1.0,0.0,0,0,21511.4,4.6484818058422114e-05
Cundinamarca,Caparrapí,1,0,1,0,2,2,0.25,0.0,0.75,0.0,0,0,48140.425,2.077213127779246e-05
Cundinamarca,Chaguaní,3,0,2,1,5,15,1.0,0.0,0.0,0.0,0,0,31147.33478260869,3.210444497207402e-05
Cundinamarca,Cota,1,0,1,0,2,2,0.0,0.0,1.0,0.0,0,0,20512.4,4.874862285140445e-05
Cundinamarca,El Rosal,1,0,1,0,2,2,0.0,0.0,1.0,0.0,0,0,4940.700000000001,0.00020235951190885725
Cundinamarca,Facatativá,1,0,0,1,1,1,1.0,0.0,0.0,0.0,0,0,7493.549999999999,0.00013343029267934701
Cundinamarca,Funza,1,0,1,0,2,2,0.0,0.0,1.0,0.0,0,0,23264.7,4.2981728467228577e-05
Cundinamarca,Fusagasugá,1,0,1,0,2,2,0.0,0.0,1.0,0.0,0,0,28818.9,3.469824669759437e-05
Cundinamarca,Gachalá,1,0,1,0,2,2,0.0,0.0,1.0,0.0,0,0,7580.1,0.00013190697919826936
Cundinamarca,Granada,1,0,1,0,2,2,0.0,0.0,0.0,1.0,0,0,34715.3,2.880491296595547e-05
Cundinamarca,Guaduas,3,0,1,2,4,12,0.043478260869565216,0.0,0.9565217391304348,0.0,1,0,43145.98260869564,2.3176591722974035e-05
Cundinamarca,Guasca,2,0,1,1,3,6,1.0,0.0,0.0,0.0,1,0,15710.566666666666,6.364737656121711e-05
Cundinamarca,Guayabal de Síquima,1,0,1,0,2,2,0.0,0.0,1.0,0.0,0,0,21661.449999999997,4.616283015079089e-05
Cundinamarca,Guayabetal,1,0,0,1,1,1,1.0,0.0,0.0,0.0,0,0,4068.5,0.0002457304337142155
Cundinamarca,Junín,2,0,1,1,3,6,0.9285714285714286,0.0,0.0,0.0714285714285714,0,0,15955.285714285712,6.267122674449838e-05
Cundinamarca,La Calera,2,0,1,1,3,6,0.7777777777777778,0.0,0.1111111111111111,0.1111111111111111,0,0,27634.877777777776,3.6184846670732775e-05
Cundinamarca,La Peña,1,0,1,0,2,2,0.0,0.0,1.0,0.0,0,0,34143.7,2.9287122159515243e-05
Cundinamarca,La Vega,3,0,2,1,5,15,0.6666666666666666,0.0,0.3333333333333333,5.551115123125783e-17,0,0,8464.599999999999,0.00011812511812511815
Cundinamarca,Madrid,1,0,1,0,2,2,0.0,0.0,0.5,0.5,0,0,18837.15,5.3083768841420196e-05
Cundinamarca,Mosquera,2,1,1,0,5,10,0.0,0.0,1.0,0.0,0,0,24042.7,4.159093650311724e-05
Cundinamarca,Nocaima,1,0,0,1,1,1,1.0,0.0,0.0,0.0,0,0,22275.9,4.4889549264035835e-05
Cundinamarca,Pacho,2,0,2,0,4,8,0.125,0.0,0.875,0.0,0,0,31040.3875,3.22150548199561e-05
Cundinamarca,Paratebueno,1,1,0,0,3,3,0.0,0.0,0.0,1.0,0,0,27368.5,3.653702113666673e-05
Cundinamarca,Pasca,1,0,1,0,2,2,0.0,0.0,1.0,0.0,0,0,27099.4,3.689982435683606e-05
Cundinamarca,Puerto Salgar,3,0,3,0,6,18,0.05263157894736842,0.0,0.9473684210526315,1.1102230246251565e-16,0,0,38932.02105263158,2.5685137524985556e-05
Cundinamarca,Quebradanegra,1,0,1,0,2,2,0.0,0.0,1.0,0.0,0,0,33170.4,3.0146451461198502e-05
Cundinamarca,San Antonio del Tequendama,3,0,3,0,6,18,0.5,0.0,0.5,0.0,0,0,30356.9,3.2940354899383684e-05
Cundinamarca,San Cayetano,1,0,1,0,2,2,0.0,0.0,1.0,0.0,0,0,43399.600000000006,2.3041156113049125e-05
Cundinamarca,San Francisco,2,0,2,0,4,8,0.019417475728155338,0.0,0.9805825242718447,0.0,0,0,9575.92718446602,0.00010441762589800426
Cundinamarca,Sasaima,3,0,2,1,5,15,0.0,0.0,0.8571428571428571,0.1428571428571429,0,0,15668.92380952381,6.38165196050426e-05
Cundinamarca,Silvania,1,0,0,1,1,1,0.0,0.0,1.0,0.0,0,0,28463.8,3.513110929990725e-05
Cundinamarca,Soacha,1,0,0,1,1,1,0.0,0.0,1.0,0.0,0,0,29877.7,3.346865827495841e-05
Cundinamarca,Subachoque,1,0,1,0,2,2,1.0,0.0,0.0,0.0,0,0,13517.2,7.39743456969123e-05
Cundinamarca,Supatá,1,0,1,0,2,2,0.0,0.0,1.0,0.0,0,0,17183.6,5.8191636697973775e-05
Cundinamarca,Tena,2,0,2,0,4,8,0.5,0.0,0.5,0.0,0,0,26325.9,3.7983963170749306e-05
Cundinamarca,Tenjo,1,0,1,0,2,2,0.0,0.0,1.0,0.0,0,0,18187.6,5.497949264924184e-05
Cundinamarca,Tocaima,1,0,1,0,2,2,0.0,0.0,1.0,0.0,0,0,50939.3,1.9630822747412164e-05
Cundinamarca,Vergara,1,0,1,0,2,2,0.0,0.0,1.0,0.0,0,0,21096.4,4.739920558931432e-05
Cundinamarca,Vianí,2,0,2,0,4,8,0.0,0.0,1.0,0.0,0,0,29376.5125,3.403964171575112e-05
Cundinamarca,Villeta,1,0,1,0,2,2,0.0,0.0,1.0,0.0,0,0,33214.7,3.0106244938387572e-05
Córdoba,Ayapel,1,0,1,0,2,2,0.0,0.0,1.0,0.0,0,0,33728.8,2.964737413207312e-05
Córdoba,Buenavista,1,0,1,0,2,2,0.0,0.0,1.0,0.0,0,0,33243.0,3.0080616051016725e-05
Córdoba,Canalete,1,0,0,1,1,1,0.5,0.0,0.5,0.0,0,0,47957.6,2.0851317594758815e-05
Córdoba,Cereté,1,0,1,0,2,2,0.0,0.0,1.0,0.0,0,0,46171.61111111111,2.1657861141826504e-05
Córdoba,Chima,1,0,1,0,2,2,0.0,0.0,1.0,0.0,0,0,21532.56,4.6439139649923184e-05
Córdoba,Chinú,1,0,1,0,2,2,0.0,0.0,1.0,0.0,0,0,46928.833333333336,2.1308407232073414e-05
Córdoba,Ciénaga de Oro,1,0,1,0,2,2,0.5,0.0,0.5,0.0,0,0,58852.15,1.699144395839475e-05
Córdoba,Los Córdobas,1,0,0,1,1,1,0.5,0.0,0.5,0.0,0,0,53087.9,1.8836329251500783e-05
Córdoba,Momil,1,0,1,0,2,2,0.0,0.0,1.0,0.0,0,0,19097.57,5.235994108459429e-05
Córdoba,Montelíbano,3,0,2,1,5,15,0.56,0.0,0.44,-5.551115123125783e-17,0,0,12512.752,7.991208392175265e-05
Córdoba,Montería,1,0,1,0,2,2,0.0,0.0,1.0,0.0,0,0,55853.22549019606,1.790374839546432e-05
Córdoba,Pueblo Nuevo,2,0,2,0,4,8,0.25,0.0,0.75,0.0,0,0,69391.425,1.4410794838197397e-05
Córdoba,Puerto Libertador,2,0,2,0,4,8,0.0,0.0,1.0,0.0,0,0,13101.3,7.632247773291713e-05
Córdoba,Sahagún,3,0,2,1,5,15,0.0,0.0,1.0,0.0,0,0,62034.49166666667,1.6119804536623455e-05
Córdoba,San Carlos,1,0,0,1,1,1,0.0,0.0,1.0,0.0,0,0,72515.9,1.3789888977603842e-05
Córdoba,San José de Uré,2,0,2,0,4,8,0.47368421052631576,0.0,0.5263157894736842,1.1102230246251565e-16,0,0,6794.726315789474,0.00014715130561932112
Córdoba,San Pelayo,2,0,1,1,3,6,0.08333333333333333,0.0,0.9166666666666666,0.0,0,0,41075.07499999999,2.4345071918385586e-05
Córdoba,Tierralta,3,0,1,2,4,12,0.631578947368421,0.0,0.3684210526315789,5.551115123125783e-17,1,1,5968.773684210526,0.00016751053773527517
Guaviare,San José del Guaviare,2,0,1,1,3,6,0.8333333333333334,0.0,0.0,0.16666666666666663,1,0,4391.016666666666,0.00022768583907923848
Huila,Acevedo,1,0,1,0,2,2,1.0,0.0,0.0,0.0,0,0,1849.7,0.0005403360890473875
Huila,Colombia,1,0,1,0,2,2,1.0,0.0,0.0,0.0,0,0,12215.0,8.185985592665357e-05
Huila,Garzón,2,0,1,1,3,6,0.6666666666666666,0.0,0.3333333333333333,5.551115123125783e-17,0,0,17623.833333333332,5.6738125183216865e-05
Huila,Guadalupe,1,0,1,0,2,2,0.0,0.0,1.0,0.0,0,0,1363.3,0.0007329766180458843
Huila,Isnos,2,0,0,2,2,4,1.0,0.0,0.0,0.0,1,0,5897.325,0.00016953965744512212
Huila,La Plata,2,0,2,0,4,8,0.5555555555555556,0.0,0.4444444444444444,0.0,0,1,2231.8888888888887,0.00044785031847133764
Huila,Palestina,1,0,1,0,2,2,0.0,0.0,1.0,0.0,0,0,832.4,0.0011999040076793857
Huila,Pitalito,2,0,1,1,3,6,1.0,0.0,0.0,0.0,0,0,2079.45,0.0004806652406931193
Huila,Saladoblanco,1,0,1,0,2,2,0.0,0.0,1.0,0.0,0,0,6527.450000000001,0.0001531757155220611
Huila,San Agustín,3,0,1,2,4,12,1.0,0.0,0.0,0.0,1,0,8691.066666666668,0.0001150474378935581
Huila,Tarqui,1,0,1,0,2,2,0.0,0.0,1.0,0.0,0,0,1511.4,0.0006612007405448294
La Guajira,Dibulla,2,0,2,0,4,8,0.5416666666666666,0.0,0.4583333333333333,5.551115123125783e-17,0,1,9772.158333333333,0.00010232106816373759
La Guajira,La Jagua del Pilar,1,0,1,0,2,2,1.0,0.0,0.0,0.0,0,0,10797.785714285714,9.26030043060397e-05
La Guajira,Villanueva,1,0,1,0,2,2,1.0,0.0,0.0,0.0,0,0,24614.8,4.062431446469341e-05
Magdalena,Ciénaga,1,0,1,0,2,2,0.9333333333333333,0.0,0.0,0.06666666666666665,1,1,4578.066666666668,0.00021838511487057033
Magdalena,El Banco,1,0,0,1,1,1,0.0,0.0,1.0,0.0,0,0,60977.5,1.6399222676845116e-05
Magdalena,Pedraza,1,0,1,0,2,2,0.0,0.0,0.0,1.0,0,0,41019.5,2.4378054875001525e-05
Magdalena,Pivijay,1,0,1,0,2,2,0.3333333333333333,0.0,0.6666666666666666,1.1102230246251565e-16,0,0,22501.266666666666,4.443996752919706e-05
Magdalena,Puebloviejo,1,0,1,0,2,2,1.0,0.0,0.0,0.0,0,0,5921.9,0.0001688362119907478
Magdalena,Santa Marta,2,0,2,0,4,8,0.9166666666666666,0.0,0.08333333333333333,4.163336342344337e-17,1,0,4714.662500000001,0.00021205928117205158
Magdalena,Tenerife,1,0,1,0,2,2,0.16666666666666666,0.0,0.0,0.8333333333333334,0,0,56779.85,1.7611571506942924e-05
Magdalena,Zona Bananera,1,0,1,0,2,2,0.9,0.0,0.1,-2.7755575615628914e-17,0,0,15083.4,6.629365437140358e-05
Meta,Barranca de Upía,1,0,0,1,1,1,0.38235294117647056,0.35294117647058826,0.029411764705882353,0.23529411764705882,0,0,22158.561764705883,4.512724622527176e-05
Meta,Puerto Gaitán,2,0,1,1,3,6,0.1,0.0,0.0,0.9,0,0,5197.1,0.00019237798426348086
Meta,Puerto López,3,2,1,0,8,24,0.0,0.0,0.75,0.25,0,0,10971.425,9.11375561919995e-05
Meta,Restrepo,1,0,0,1,1,1,1.0,0.0,0.0,0.0,0,0,6362.8,0.00015713881643043465
Meta,San Juanito,3,0,2,1,5,15,0.7578419071518193,0.0,0.24215809284818068,0.0,1,0,9517.890150564617,0.00010505426411929805
Meta,Uribe,1,0,0,1,1,1,1.0,0.0,0.0,0.0,1,0,7602.8,0.00013151319077303454
Meta,Villavicencio,2,0,1,1,3,6,0.5,0.0,0.5,0.0,0,0,13480.25,7.417709782104775e-05
Meta,Vistahermosa,1,0,0,1,1,1,0.0,0.0,1.0,0.0,0,0,3924.7,0.00025473164021703136
Nariño,Barbacoas,2,0,1,1,3,6,1.0,0.0,0.0,0.0,0,0,4813.528571428571,0.00020770465584822131
Nariño,Consacá,1,0,1,0,2,2,1.0,0.0,0.0,0.0,1,0,20498.1,4.878262948129431e-05
Nariño,Los Andes,1,0,1,0,2,2,0.0,0.0,1.0,0.0,0,0,4523.2,0.00022103355289332922
Nariño,Pasto,2,0,0,2,2,4,0.7857142857142857,0.0,0.21428571428571427,2.7755575615628914e-17,1,0,15080.414285714287,6.630677873143765e-05
Nariño,Ricaurte,1,0,1,0,2,2,1.0,0.0,0.0,0.0,0,0,1927.2,0.0005186184005808525
Nariño,Santa Bárbara,1,0,1,0,2,2,0.0,0.0,0.0,1.0,0,0,5431.8,0.0001840671476954793
Nariño,Tumaco,3,0,3,0,6,18,0.0,0.46153846153846156,0.38461538461538464,0.1538461538461538,0,0,8378.946153846155,0.0001193325090210787
Norte de Santander,Arboledas,1,0,1,0,2,2,1.0,0.0,0.0,0.0,0,0,14459.6,6.915342378601165e-05
Norte de Santander,Bochalema,1,0,0,1,1,1,1.0,0.0,0.0,0.0,0,0,24052.4,4.157416415142973e-05
Norte de Santander,Cáchira,1,0,0,1,1,1,0.0,0.0,1.0,0.0,0,0,2966.5,0.00033698399326032014
Norte de Santander,El Carmen,1,0,1,0,2,2,0.0,0.0,1.0,0.0,0,0,1003.3,0.0009957184108334164
Norte de Santander,Herrán,1,0,0,1,1,1,0.0,0.0,1.0,0.0,1,0,20042.1,4.989248170193234e-05
Norte de Santander,Tibú,1,0,0,1,1,1,0.0,1.0,0.0,0.0,0,0,13790.3,7.250948061459036e-05
Norte de Santander,Toledo,4,0,1,3,5,20,0.6190476190476191,0.0,0.38095238095238093,0.0,0,1,7771.666666666667,0.0001286559739257226
Norte de Santander,Villa Caro,1,0,0,1,1,1,1.0,0.0,0.0,0.0,0,0,9822.8,0.00010179360328996927
Putumayo,Mocoa,1,0,1,0,2,2,1.0,0.0,0.0,0.0,0,1,1664.2,0.0006005284650492433
Putumayo,Puerto Asís,1,0,1,0,2,2,0.0,0.0,0.0,1.0,0,0,1830.4,0.0005460303592879764
Putumayo,Puerto Leguízamo,1,0,1,0,2,2,0.0,0.0,1.0,0.0,0,0,271.8,0.003665689149560117
Putumayo,San Francisco,5,1,2,2,9,45,0.9758064516129032,0.0,0.024193548387096774,-2.0816681711721685e-17,1,1,5978.208870967742,0.00016724620624235676
Putumayo,Santiago,3,0,1,2,4,12,0.8,0.0,0.2,-5.551115123125783e-17,0,0,19505.28,5.126554114879926e-05
Putumayo,Sibundoy,2,0,0,2,2,4,0.3875,0.0,0.6,0.012500000000000067,0,1,10383.284375,9.62993658385824e-05
Quindío,Armenia,3,0,2,1,5,15,0.0,0.0,0.3333333333333333,0.6666666666666667,0,0,17655.766666666666,5.663551084286855e-05
Quindío,Calarcá,2,0,2,0,4,8,0.125,0.0,0.5,0.375,0,0,10977.75,9.108505066605943e-05
Quindío,Circasia,3,0,2,1,5,15,0.0,0.0,1.0,0.0,0,0,19047.525,5.24975030875094e-05
Quindío,Córdoba,1,0,1,0,2,2,0.6666666666666666,0.0,0.3333333333333333,5.551115123125783e-17,0,0,5220.533333333334,0.00019151462533355463
Quindío,Filandia,2,0,2,0,4,8,0.1,0.0,0.7666666666666667,0.1333333333333333,0,0,13739.166666666668,7.277932096893535e-05
Quindío,Génova,2,0,0,2,2,4,0.25,0.0,0.75,0.0,0,0,9298.5,0.00010753266304640035
Quindío,La Tebaida,1,0,1,0,2,2,0.0,0.0,1.0,0.0,0,0,17374.3,5.7552963114305946e-05
Quindío,Montenegro,2,0,2,0,4,8,0.0,0.0,1.0,0.0,0,0,23583.899999999998,4.240001017600244e-05
Quindío,Pijao,3,0,2,1,5,15,0.25,0.0,0.5,0.25,0,0,3489.475,0.00028649395855864893
Quindío,Quimbaya,1,0,1,0,2,2,0.0,0.0,1.0,0.0,0,0,30689.8,3.2583054205168975e-05
Quindío,Salento,5,0,3,2,8,40,0.19736842105263158,0.0,0.6885964912280702,0.11403508771929816,1,0,18326.36447368421,5.4563218919767445e-05
Risaralda,Balboa,1,0,0,1,1,1,0.5,0.0,0.5,0.0,0,0,12508.85,7.99370096364065e-05
Risaralda,Guática,1,0,1,0,2,2,0.0,0.0,1.0,0.0,0,0,5933.0,0.00016852039096730705
Risaralda,Mistrató,2,0,2,0,4,8,1.0,0.0,0.0,0.0,0,1,2735.9999999999995,0.0003653635367190355
Risaralda,Pereira,4,0,3,1,7,28,0.8741721854304636,0.0,0.033112582781456956,0.09271523178807944,1,0,20934.49271523179,4.776577334969727e-05
Risaralda,Quinchía,1,0,1,0,2,2,0.0,0.0,1.0,0.0,0,0,16862.0,5.930142916444286e-05
Risaralda,Santa Rosa de Cabal,4,0,3,1,7,28,0.5714285714285714,0.0,0.18181818181818182,0.24675324675324678,1,0,8261.274025974026,0.00012103205447511306
San Andres y Providencia,Providencia y Santa Catalina,1,0,1,0,2,2,0.9625,0.0,0.025,0.012499999999999976,0,0,682749.605,1.464663660019752e-06
San Andres y Providencia - Costa,Providencia y Santa Catalina - Costa,1,0,1,0,2,2,1.0,0.0,0.0,0.0,1,0,681810.4,1.466681255256219e-06
Santander,Aratoca,1,0,0,1,1,1,0.0,0.0,1.0,0.0,0,0,22403.1,4.463468740096679e-05
Santander,Barrancabermeja,4,0,2,2,6,24,0.4117647058823529,0.014705882352941176,0.5735294117647058,1.1102230246251565e-16,0,0,8877.40588235294,0.00011263283220556951
Santander,Betulia,3,0,2,1,5,15,0.5,0.0,0.5,0.0,0,0,6554.780000000001,0.0001525371504229855
Santander,Bucaramanga,5,0,2,3,7,35,0.2,0.0,0.6,0.20000000000000007,0,0,10708.68,9.337347147627193e-05
Santander,Charalá,1,0,0,1,1,1,1.0,0.0,0.0,0.0,1,0,5371.133333333334,0.00018614578938224414
Santander,Cimitarra,7,0,5,2,12,84,0.8834134615384616,0.0,0.11658653846153846,-2.7755575615628914e-17,0,0,3380.160576923077,0.0002957564354751882
Santander,El Carmen,6,0,3,3,9,54,0.9661016949152542,0.0,0.03389830508474576,2.0816681711721685e-17,1,0,6191.049152542372,0.00016149742603212595
Santander,El Peñón,1,0,1,0,2,2,1.0,0.0,0.0,0.0,0,0,9966.263157894733,0.00010032844364181693
Santander,Floridablanca,1,0,1,0,2,2,1.0,0.0,0.0,0.0,0,0,3036.3,0.00032923978533565994
Santander,Girón,4,0,1,3,5,20,0.4,0.0,0.2,0.39999999999999997,0,0,7810.55,0.00012801556669290984
Santander,Guaca,1,0,0,1,1,1,0.0,0.0,1.0,0.0,0,0,8562.300000000001,0.00011677741057769784
Santander,Gámbita,3,0,3,0,6,18,0.6428571428571429,0.0,0.21428571428571427,0.14285714285714282,0,0,8646.892857142859,0.0001156351051659983
Santander,Hato,2,0,1,1,3,6,1.0,0.0,0.0,0.0,0,0,793.5,0.0012586532410320957
Santander,Landázuri,1,0,0,1,1,1,0.0,0.0,1.0,0.0,0,0,11945.2,8.370862701109976e-05
Santander,Lebrija,2,0,1,1,3,6,0.8333333333333334,0.0,0.16666666666666666,-2.7755575615628914e-17,0,0,9582.800000000001,0.00010434274504893674
Santander,Piedecuesta,2,0,1,1,3,6,0.6,0.0,0.4,0.0,0,0,2740.9666666666662,0.0003647017347645851
Santander,Puerto Parra,3,0,1,2,4,12,0.26666666666666666,0.06666666666666667,0.6666666666666666,1.1102230246251565e-16,0,0,2939.1466666666665,0.000340119087029672
Santander,Puerto Wilches,2,0,2,0,4,8,0.0,0.6206896551724138,0.0,0.3793103448275862,0,0,11597.465517241379,8.621830176702923e-05
Santander,Ríonegro,3,0,1,2,4,12,0.3333333333333333,0.16666666666666666,0.5,1.1102230246251565e-16,0,0,20514.416666666668,4.8743830858906914e-05
Santander,Sabana de Torres,1,0,0,1,1,1,0.8571428571428571,0.0,0.14285714285714285,5.551115123125783e-17,0,0,17088.77142857143,5.851453333823741e-05
Santander,San Vicente de Chucurí,6,0,3,3,9,54,0.9705882352941176,0.0,0.029411764705882353,6.938893903907228e-18,0,0,8376.900735294117,0.00011936164339919143
Santander,Santa Bárbara,3,0,2,1,5,15,0.7307692307692307,0.0,0.0,0.2692307692307693,0,0,3307.18076923077,0.00030228094223294926
Santander,Simacota,1,0,1,0,2,2,0.5,0.0,0.5,0.0,0,0,12981.5,7.70267668014635e-05
Santander,Suaita,4,2,0,2,8,32,0.8793103448275862,0.0,0.1206896551724138,1.3877787807814457e-17,0,0,17598.537931034483,5.681967355726032e-05
Santander,Suratá,1,0,1,0,2,2,1.0,0.0,0.0,0.0,0,0,8419.3,0.00011876061422989681
Santander,Tona,5,0,2,3,7,35,0.84375,0.0,0.15625,0.0,0,0,5921.1875,0.00016885652472165057
Santander,Vélez,1,0,1,0,2,2,1.0,0.0,0.0,0.0,0,0,5315.4,0.00018809720863742382
Santander,Zapatoca,3,0,2,1,5,15,0.3333333333333333,0.0,0.041666666666666664,0.6250000000000001,0,0,23014.35208333333,4.344925927612267e-05
Sucre,Chalán,1,0,0,1,1,1,1.0,0.0,0.0,0.0,0,0,23564.2,4.2435455671923e-05
Sucre,Colosó,1,0,0,1,1,1,1.0,0.0,0.0,0.0,0,0,21526.6,4.645199650680986e-05
Sucre,Galeras,1,0,1,0,2,2,0.0,0.0,1.0,0.0,0,0,65622.6,1.523842032439549e-05
Sucre,San Benito Abad,1,0,1,0,2,2,0.0,0.0,1.0,0.0,0,0,72443.51904761905,1.3803666766600831e-05
Sucre,San Marcos,1,0,1,0,2,2,0.0,0.0,0.5,0.5,0,0,65916.75,1.5170420713692442e-05
Sucre,San Onofre,2,0,1,1,3,6,0.011363636363636364,0.0,0.9886363636363636,0.0,0,0,16489.864772727273,6.063963374763755e-05
Sucre,Sincelejo,1,0,1,0,2,2,0.6,0.0,0.4,0.0,0,0,23613.6,4.234668383118918e-05
Sucre,Sincé,1,0,1,0,2,2,0.0,0.0,1.0,0.0,0,0,59224.6,1.688459044737411e-05
Sucre,Toluviejo,1,0,1,0,2,2,0.0,0.0,1.0,0.0,0,0,15453.229629629632,6.470720469189543e-05
Sucre,Tolú,2,0,1,1,3,6,0.5,0.0,0.5,0.0,0,0,11190.9,8.935033372349646e-05
Tolima,Anzoátegui,1,0,1,0,2,2,0.0,0.0,1.0,0.0,0,0,5006.0,0.00019972039145196724
Tolima,Cajamarca,3,0,2,1,5,15,0.6116941529235382,0.0,0.38830584707646176,0.0,0,0,9148.7023988006,0.0001092931722162992
Tolima,Chaparral,1,0,1,0,2,2,1.0,0.0,0.0,0.0,0,0,10934.4,9.144612908535583e-05
Tolima,Ibagué,1,0,1,0,2,2,0.9741500421466704,0.0,0.024445068839561674,0.0014048890137678786,1,0,11107.593481314976,9.002039742313312e-05
Tolima,Mariquita,1,0,1,0,2,2,0.0,0.0,0.14285714285714285,0.8571428571428572,0,0,26511.257142857146,3.771840302436932e-05
Tolima,Murillo,1,0,1,0,2,2,0.0,0.0,1.0,0.0,0,0,19724.0,5.0697084917617235e-05
Tolima,Planadas,1,0,1,0,2,2,1.0,0.0,0.0,0.0,1,0,7036.6,0.00014209389564624303
Tolima,Roncesvalles,1,0,1,0,2,2,0.045454545454545456,0.0,0.045454545454545456,0.9090909090909092,0,0,18058.890909090915,5.537132007240553e-05
Tolima,Rovira,1,0,1,0,2,2,1.0,0.0,0.0,0.0,0,0,7606.9875,0.00013144080481204787
Tolima,Santa Isabel,2,0,2,0,4,8,0.75,0.0,0.0,0.25,0,0,13236.824999999999,7.554111041655257e-05
Valle del Cauca,Andalucía,1,0,1,0,2,2,0.0,0.0,1.0,0.0,0,0,22090.9,4.526545928598264e-05
Valle del Cauca,Ansermanuevo,1,0,1,0,2,2,1.0,0.0,0.0,0.0,0,0,6893.883333333334,0.0001450350864046527
Valle del Cauca,Argelia,2,0,2,0,4,8,0.5,0.0,0.5,0.0,0,0,12774.5,7.827482290321318e-05
Valle del Cauca,Bolívar,1,0,0,1,1,1,1.0,0.0,0.0,0.0,0,0,8105.2,0.00012336236460980485
Valle del Cauca,Buenaventura,1,0,1,0,2,2,1.0,0.0,0.0,0.0,0,0,5214.6,0.00019173249482322264
Valle del Cauca,Buga,1,0,0,1,1,1,0.8983050847457628,0.0,0.0847457627118644,0.016949152542372836,0,0,11139.359322033895,8.9763711483e-05
Valle del Cauca,Bugalagrande,1,0,1,0,2,2,0.0,0.0,1.0,0.0,0,0,22731.93666666666,4.3989037345373046e-05
Valle del Cauca,Caicedonia,1,0,1,0,2,2,1.0,0.0,0.0,0.0,0,0,13494.8,7.409712651343381e-05
Valle del Cauca,Cali,7,0,4,3,11,77,0.42073170731707316,0.0,0.36585365853658536,0.21341463414634154,1,0,17245.630487804876,5.798234041757327e-05
Valle del Cauca,Calima,1,0,1,0,2,2,0.5,0.0,0.5,0.0,0,0,2689.55,0.0003716712196391072
Valle del Cauca,Cartago,1,0,0,1,1,1,0.0,0.0,1.0,0.0,0,0,32758.100000000002,3.052586914780931e-05
Valle del Cauca,Dagua,2,0,1,1,3,6,0.3333333333333333,0.0,0.3333333333333333,0.3333333333333334,0,0,10433.133333333333,9.583929666734819e-05
Valle del Cauca,El Cairo,1,0,1,0,2,2,0.0,0.0,1.0,0.0,0,0,9982.5,0.00010016527269995493
Valle del Cauca,El Cerrito,2,0,1,1,3,6,0.950530035335689,0.0,0.045936395759717315,0.0035335689045936577,1,0,16126.607420494702,6.200547755950559e-05
Valle del Cauca,El Dovio,1,0,1,0,2,2,0.0,0.0,0.0,1.0,0,0,11609.1,8.61319023953282e-05
Valle del Cauca,Guacarí,1,0,0,1,1,1,0.0,0.0,1.0,0.0,0,0,21467.6,4.657965586950244e-05
Valle del Cauca,Jamundí,1,0,0,1,1,1,0.0,0.0,1.0,0.0,0,0,11923.3,8.386236508642017e-05
Valle del Cauca,La Cumbre,1,0,1,0,2,2,1.0,0.0,0.0,0.0,0,0,19313.600000000002,5.177430544769241e-05
Valle del Cauca,La Victoria,1,0,1,0,2,2,0.5,0.0,0.5,0.0,0,0,26858.05,3.7231398727803104e-05
Valle del Cauca,Palmira,4,0,2,2,6,24,0.3333333333333333,0.0,0.6666666666666666,1.1102230246251565e-16,1,0,11059.316666666668,9.041332451301122e-05
Valle del Cauca,Ríofrío,1,0,1,0,2,2,0.5384615384615384,0.0,0.46153846153846156,0.0,0,0,11739.16153846154,8.51777036222146e-05
Valle del Cauca,Sevilla,2,0,1,1,3,6,0.0,0.0,0.5,0.5,0,0,6083.55,0.0001643506915055345
Valle del Cauca,Trujillo,2,0,0,2,2,4,1.0,0.0,0.0,0.0,0,0,2830.2833333333333,0.00035319672468903975
Valle del Cauca,Tuluá,4,0,2,2,6,24,0.2857142857142857,0.0,0.7142857142857143,0.0,0,0,12725.199999999999,7.857805157863307e-05
Valle del Cauca,Ulloa,1,0,1,0,2,2,0.0,0.0,1.0,0.0,0,0,22551.5,4.4340982152754686e-05
Valle del Cauca,Vijes,1,0,0,1,1,1,0.0,0.0,0.0,1.0,0,0,23040.2,4.340051733416662e-05
Valle del Cauca,Yotoco,1,0,0,1,1,1,0.0,0.0,0.0,1.0,0,0,20002.6,4.999100161970845e-05
Valle del Cauca,Yumbo,1,0,1,0,2,2,0.0,0.0,1.0,0.0,0,0,29950.7,3.3387086542667025e-05
Vaupés,ETI Yaigojé Apaporis,1,0,0,1,1,1,1.0,0.0,0.0,0.0,1,1,1818.8200000000002,0.0005495048960886241
Vichada,La Primavera,1,1,0,0,3,3,0.0,0.0,0.0,1.0,0,0,12714.5,7.864417443277889e-05
Área en Litigio,Área en Litigio,1,0,1,0,2,2,0.0,0.0,1.0,0.0,0,0,8754.087500000001,0.00011421930391900708
