municipio,alertas_2017,alertas_2018,alertas_2019,alertas_2020,alertas_2021,alertas_2022,alertas_2023,alertas_2024,alertas_2025,alertas_total,riqueza_palmas,bosque_pct,agro_pct,pred_alertas_2026
Cartagena del Chairá,910,1134,1082,838,802,807,1034,4128,6294,17029,0.0,0.0,0.0,4834.6
Mapiripán,216,468,617,861,892,1543,2083,3135,3466,13281,0.0,0.0,0.0,3430.2633333333333
La Macarena,325,1472,1241,991,989,1120,484,3947,3319,13888,0.0,0.0,0.0,3173.49
Calamar,316,920,700,561,676,591,1341,2494,3292,10891,0.0,0.0,0.0,3035.4366666666665
San José del Guaviare,909,1721,1675,1402,1055,676,1086,2198,2466,13188,2.0,100.0,0.0,3020.5666666666666
Tibú,518,935,1912,1581,1063,1045,2173,1880,1550,12657,1.0,0.0,0.0,2964.9733333333334
San Vicente del Caguán,1815,1580,1432,1134,693,509,910,2769,2031,12873,0.0,0.0,0.0,2803.71
Puerto Guzmán,332,462,727,931,548,1054,851,1773,2751,9429,0.0,0.0,0.0,2772.713333333333
El Retorno,185,916,914,724,627,391,932,980,2204,7873,0.0,0.0,0.0,2577.193333333333
Solano,345,543,341,592,371,432,706,2453,1822,7605,0.0,0.0,0.0,1965.4733333333334
Puerto Rico,336,400,419,554,309,331,313,2100,1850,6612,0.0,0.0,0.0,1744.32
Uribe,282,466,248,135,321,288,210,1942,1471,5363,1.0,100.0,0.0,1585.7266666666667
Vistahermosa,160,449,275,498,467,360,232,1797,1071,5309,1.0,0.0,100.0,1396.81
Puerto Leguízamo,259,134,519,812,500,622,455,780,766,4847,1.0,0.0,100.0,1262.53
Puerto Asís,251,91,460,670,419,869,530,210,288,3788,1.0,100.0,0.0,1072.0066666666667
Ríosucio,263,640,286,497,294,591,697,631,522,4421,6.0,31.91,68.09,981.4033333333333
Tierralta,378,415,97,101,129,443,200,326,830,2919,3.0,44.44,55.56,920.77
Puerto Caicedo,91,61,186,329,189,526,383,198,578,2541,0.0,0.0,0.0,781.7033333333334
Cumaribo,241,147,139,497,176,235,442,920,831,3628,0.0,0.0,0.0,778.6433333333333
Villagarzón,41,30,240,208,151,488,269,145,318,1890,0.0,0.0,0.0,713.4333333333333
Miraflores,141,119,298,225,260,188,347,459,776,2813,1.0,0.0,100.0,686.6433333333333
Orito,149,9,316,393,320,882,514,157,205,2945,0.0,0.0,0.0,657.9833333333333
Sardinata,54,198,401,399,163,246,526,225,361,2573,0.0,0.0,0.0,639.49
Mitú,0,2,204,490,159,172,450,496,387,2360,0.0,0.0,0.0,535.5566666666666
El Carmen,31,14,62,34,23,644,239,135,147,1329,8.0,76.19,23.81,504.28
Segovia,103,162,74,102,38,183,278,278,294,1512,2.0,0.0,50.0,501.7
Piamonte,65,13,9,83,104,578,143,67,79,1141,0.0,0.0,0.0,463.12333333333333
El Bagre,59,80,50,106,24,124,92,293,608,1436,2.0,33.33,0.0,452.9066666666667
Montañita,14,18,18,15,12,541,117,83,90,908,0.0,0.0,0.0,450.49
Valle del Guamuez,160,26,143,178,181,390,227,109,156,1570,0.0,0.0,0.0,435.04333333333335
Remedios,153,78,88,79,46,154,444,534,470,2046,0.0,0.0,0.0,434.80333333333334
Santa Marta,227,365,281,273,79,23,264,18,239,1769,2.0,86.96,13.04,419.43666666666667
Bojayá,258,379,41,99,16,260,65,77,42,1237,0.0,0.0,0.0,328.0
Mocoa,14,13,91,46,72,122,78,99,196,731,1.0,100.0,0.0,320.9766666666667
Alto Baudó,47,382,49,35,34,138,186,72,38,981,0.0,0.0,0.0,311.4766666666667
Carmen del Darién,125,295,50,67,48,111,79,55,177,1007,1.0,100.0,0.0,289.89
Zaragoza,49,116,74,77,25,131,82,129,210,893,1.0,100.0,0.0,288.29333333333335
Santa Rosa del Sur,26,49,15,118,22,152,120,81,267,850,1.0,100.0,0.0,280.81333333333333
Montelíbano,32,36,18,14,38,200,192,84,140,754,3.0,36.36,63.64,277.60333333333335
Cantagallo,19,57,120,163,87,119,96,61,81,803,4.0,100.0,0.0,273.6766666666667
Cimitarra,14,0,10,7,4,119,157,105,145,561,7.0,63.33,36.67,248.26666666666668
Bolívar,6,2,22,39,27,120,113,80,164,573,1.0,100.0,0.0,237.64333333333335
Sabana de Torres,10,2,16,8,8,132,232,222,162,792,1.0,75.0,25.0,237.41666666666666
Arauquita,32,15,42,28,4,22,53,48,273,517,2.0,16.67,83.33,235.08
Sin decisión Pol Adm Leticia,6,5,28,291,97,144,204,132,90,997,0.0,0.0,0.0,219.39666666666668
Buenaventura,63,24,5,18,28,152,136,51,63,540,1.0,100.0,0.0,214.72
López,64,36,27,19,25,175,97,71,113,627,0.0,0.0,0.0,214.05666666666667
El Carmen de Bolívar,0,160,110,108,22,121,343,72,37,973,1.0,0.0,100.0,208.59
Montecristo,21,35,44,44,56,130,111,120,107,668,0.0,0.0,0.0,205.61333333333334
Barranco Mina,5,4,8,12,19,149,151,139,117,604,0.0,0.0,0.0,202.3
Convención,29,41,74,35,20,198,96,39,58,590,0.0,0.0,0.0,199.83333333333334
Lloró,6,124,16,0,5,155,81,108,124,619,0.0,0.0,0.0,198.94333333333333
ETI UITIBOC-ASOAINTAM,0,0,5,23,3,196,8,3,7,245,0.0,0.0,0.0,180.83
Guapi,10,16,16,32,32,174,29,7,26,342,1.0,0.0,100.0,180.55
Urrao,131,14,13,1,0,50,38,77,177,501,1.0,25.0,75.0,176.86666666666667
Mesetas,92,187,60,16,32,164,47,469,24,1091,0.0,0.0,0.0,176.20333333333335
El Charco,49,42,91,184,41,119,60,9,12,607,0.0,0.0,0.0,176.15
Santa Rosa,30,7,0,39,40,205,34,36,32,423,2.0,33.33,33.33,174.76666666666668
Cáceres,40,91,79,34,10,187,46,23,39,549,1.0,100.0,0.0,172.81
Arauca,1,9,15,1,1,9,1,3,211,251,1.0,100.0,0.0,167.36666666666667
Leticia,0,0,22,186,103,130,157,38,32,668,0.0,0.0,0.0,167.05333333333334
Nóvita,25,3,8,3,11,169,62,45,45,371,0.0,0.0,0.0,164.76333333333332
ETI CIMTAR,0,0,20,145,41,151,92,91,24,564,0.0,0.0,0.0,163.77333333333334
Yondó,44,54,48,53,10,81,183,88,142,703,2.0,100.0,0.0,157.19333333333333
Timbiquí,109,103,36,69,81,184,18,14,36,650,0.0,0.0,0.0,154.17333333333335
Amalfi,9,14,23,78,24,98,161,60,104,571,6.0,53.85,46.15,153.83333333333334
Tame,16,3,13,22,15,10,12,25,164,280,1.0,100.0,0.0,152.3
Puerto Lleras,53,35,8,1,6,0,6,122,184,415,0.0,0.0,0.0,150.57666666666665
Anorí,52,50,52,99,28,113,70,62,79,605,6.0,71.43,28.57,148.49
ETI Yaigojé Apaporis,0,0,14,224,53,30,125,80,53,579,1.0,100.0,0.0,146.74333333333334
Ipiales,21,11,33,5,48,171,41,33,30,393,0.0,0.0,0.0,142.81333333333333
Puerto Gaitán,43,6,10,14,1,39,178,258,93,642,2.0,100.0,0.0,136.01333333333332
Támara,11,2,3,0,6,8,14,0,90,134,1.0,50.0,50.0,133.05
San Jacinto,1,61,116,29,5,61,104,32,75,484,1.0,60.0,20.0,132.4
San Pablo,24,53,57,132,43,70,96,95,77,647,2.0,66.67,33.33,130.25666666666666
Valledupar,98,129,52,47,10,73,84,89,48,630,1.0,100.0,0.0,128.45
Santa Bárbara,9,4,12,25,26,115,41,36,56,324,4.0,62.5,0.0,124.7
Frontino,116,91,10,2,2,45,37,26,68,397,3.0,42.86,57.14,122.66333333333333
Simacota,7,2,2,2,5,78,106,75,64,341,1.0,50.0,50.0,122.27
Unguía,51,69,87,61,101,81,143,113,90,796,3.0,75.0,25.0,121.23666666666666
Puerto Parra,11,0,3,8,4,21,59,32,51,189,3.0,16.67,75.0,120.25333333333333
ETI del Río Pirá Para,0,0,7,158,22,51,120,84,79,521,0.0,0.0,0.0,119.74
Puerto Libertador,45,38,8,0,30,101,27,16,94,359,2.0,0.0,100.0,119.26666666666667
San Vicente de Chucurí,4,4,14,4,9,103,139,160,90,527,6.0,85.71,14.29,117.99333333333334
Teorama,26,81,102,87,35,77,104,66,126,704,0.0,0.0,0.0,117.95666666666666
Bajo Baudó,94,244,49,39,21,16,152,26,43,684,1.0,100.0,0.0,115.82
Tumaco,209,42,22,20,13,82,206,99,59,752,3.0,11.11,66.67,115.42
Sucre,0,0,7,2,24,50,76,41,147,347,0.0,0.0,0.0,110.67
Acandí,34,51,45,29,37,28,49,114,100,487,9.0,83.33,16.67,107.19
El Zulia,2,5,40,15,15,25,67,19,139,327,0.0,0.0,0.0,107.06666666666666
Puerto Concordia,31,28,19,25,12,8,21,92,124,360,0.0,0.0,0.0,99.86333333333333
Yalí,1,0,6,0,9,8,71,11,51,157,1.0,100.0,0.0,94.86
Cubará,3,0,4,0,1,7,18,38,52,123,1.0,100.0,0.0,92.94666666666667
Puerto Nariño,0,0,3,90,26,72,61,29,90,371,0.0,0.0,0.0,91.46333333333334
Ciénaga,45,47,85,61,11,17,57,7,42,372,1.0,90.91,0.0,88.79666666666667
Bagadó,1,78,37,30,6,27,63,93,49,384,0.0,0.0,0.0,86.63333333333334
Fundación,4,23,39,20,2,3,128,9,73,301,0.0,0.0,0.0,81.09
Belén de Los Andaquíes,34,15,123,17,27,56,42,57,55,426,1.0,0.0,100.0,81.07666666666667
Argelia,26,20,13,15,1,26,36,0,14,151,2.0,50.0,50.0,79.85333333333334
Cúcuta,10,8,54,60,37,34,60,37,48,348,0.0,0.0,0.0,79.72666666666667
La Belleza,2,0,11,18,37,49,56,42,48,263,0.0,0.0,0.0,76.46
San Francisco,2,0,6,45,25,50,47,7,45,227,10.0,54.05,45.95,76.24333333333334
El Tambo,121,38,34,114,3,43,41,5,23,422,2.0,100.0,0.0,76.04
Inírida,29,0,6,31,23,55,98,169,69,480,0.0,0.0,0.0,74.4
Mutatá,76,138,31,9,2,24,18,1,13,312,2.0,25.0,75.0,72.37
Florencia,75,4,29,1,38,109,211,106,46,619,2.0,100.0,0.0,71.37666666666667
Aracataca,10,68,81,45,5,20,86,13,64,392,0.0,0.0,0.0,69.99
Magüí,45,6,11,26,21,61,89,47,59,365,0.0,0.0,0.0,69.72333333333333
San Miguel,42,3,103,115,34,63,54,2,21,437,0.0,0.0,0.0,69.48
Valparaíso,15,1,21,15,9,54,112,35,74,336,0.0,0.0,0.0,68.60333333333334
Nechí,20,8,4,21,5,64,14,13,57,206,2.0,0.0,0.0,68.16
Puerto Rondón,44,14,17,20,1,1,6,1,62,166,0.0,0.0,0.0,66.63666666666667
Olaya Herrera,35,0,5,19,13,27,22,1,2,124,0.0,0.0,0.0,63.34
Medio Atrato,51,133,9,15,3,25,14,18,45,313,0.0,0.0,0.0,62.986666666666665
La Esperanza,1,2,2,0,7,55,65,50,60,242,0.0,0.0,0.0,59.67666666666667
El Guamo,0,2,4,5,8,14,45,19,67,164,1.0,0.0,0.0,59.50333333333333
Otanche,2,0,38,32,11,13,36,2,45,179,0.0,0.0,0.0,59.053333333333335
ETI de La Chorrera,0,0,49,77,2,27,86,12,37,290,0.0,0.0,0.0,58.72
Vigía del Fuerte,50,146,0,3,1,23,9,3,5,240,1.0,100.0,0.0,58.60666666666667
Sin decisión Pol Adm Inírida,1,0,1,23,11,46,123,47,53,305,0.0,0.0,0.0,57.766666666666666
Hato Corozal,15,3,5,0,0,1,5,20,41,90,2.0,63.16,36.84,57.75666666666667
San Carlos,6,0,7,9,21,31,32,14,40,160,8.0,81.82,18.18,57.73
Juradó,11,134,31,50,22,69,128,86,10,541,3.0,100.0,0.0,57.233333333333334
Puerto Wilches,5,0,0,0,0,8,33,30,65,141,2.0,5.88,0.0,51.53666666666667
Ovejas,1,14,2,8,3,29,104,2,20,183,0.0,0.0,0.0,50.78333333333333
Cumbitara,9,4,20,22,1,13,4,0,3,76,0.0,0.0,0.0,49.78333333333333
ETI Mirití Paraná,2,0,0,34,12,14,47,15,50,174,0.0,0.0,0.0,49.63666666666666
Simití,5,0,30,52,15,16,42,16,12,188,0.0,0.0,0.0,49.04666666666667
Puerto Nare,2,0,2,5,3,15,10,13,19,69,6.0,33.33,66.67,48.79
Dibulla,101,102,109,65,25,5,170,11,35,623,2.0,50.0,50.0,48.56333333333333
ETI PANI,0,0,1,14,4,3,28,0,20,70,0.0,0.0,0.0,48.06
Sonsón,4,0,0,38,38,18,13,18,22,151,7.0,71.43,21.43,44.60666666666667
Ríohacha,21,65,96,51,5,33,179,9,13,472,0.0,0.0,0.0,44.343333333333334
ETI del Papurí,0,0,28,110,15,31,56,17,7,264,0.0,0.0,0.0,43.71
María La Baja,0,17,20,17,8,0,24,3,3,92,1.0,0.0,100.0,42.06
San José del Palmar,3,47,13,8,19,47,34,38,25,234,1.0,100.0,0.0,41.70666666666666
ETI Bajo Río Caquetá,0,0,7,68,3,10,60,30,27,205,1.0,75.0,25.0,41.28666666666667
Medio Baudó,6,196,11,32,12,6,90,21,9,383,0.0,0.0,0.0,41.266666666666666
Taraira,0,0,0,54,10,15,39,29,13,160,0.0,0.0,0.0,41.196666666666665
ETI del Medio Guainía,0,0,1,1,2,44,177,89,38,352,0.0,0.0,0.0,40.53333333333333
Chigorodó,5,192,3,1,0,6,2,2,17,228,2.0,0.0,100.0,40.486666666666665
Barbacoas,95,34,23,32,10,101,124,26,24,469,2.0,100.0,0.0,39.446666666666665
ETI del Vaupés,0,0,2,67,16,37,29,17,13,181,0.0,0.0,0.0,39.406666666666666
La Paz,6,12,19,9,3,46,23,18,15,151,1.0,100.0,0.0,39.29333333333334
Samaná,1,0,4,6,32,2,4,2,0,51,2.0,100.0,0.0,38.99666666666667
Toledo,7,2,1,0,15,29,7,39,20,120,4.0,80.0,20.0,38.516666666666666
El Rosario,11,9,23,23,2,31,12,4,0,115,0.0,0.0,0.0,38.336666666666666
Rio Quito,117,116,10,3,3,27,32,21,20,349,1.0,100.0,0.0,37.916666666666664
Murindó,50,117,7,3,1,63,15,1,0,257,0.0,0.0,0.0,37.63333333333333
Ríonegro,1,3,6,3,5,68,93,36,34,249,4.0,28.57,57.14,37.526666666666664
Pueblo Bello,1,2,6,12,0,3,16,16,44,100,0.0,0.0,0.0,37.25
San Onofre,0,32,30,12,14,18,82,16,29,233,2.0,1.15,98.85,37.156666666666666
Vegachí,14,0,34,4,9,38,88,50,39,276,0.0,0.0,0.0,37.0
Yolombó,4,0,75,16,1,23,76,16,30,241,0.0,0.0,0.0,36.86666666666667
San Luis,3,0,7,21,26,38,15,18,27,155,8.0,64.52,32.26,36.403333333333336
El Litoral del San Juán,49,14,8,6,7,15,28,18,9,154,1.0,100.0,0.0,35.99333333333333
ETI Arica,11,1,1,36,28,57,47,11,11,203,0.0,0.0,0.0,35.736666666666665
Norosí,6,3,40,9,11,40,55,65,15,244,1.0,0.0,0.0,35.67666666666667
San Juan Nepomuceno,0,78,87,49,19,21,80,33,27,394,2.0,100.0,0.0,35.42333333333333
Sipí,6,1,8,6,5,62,34,20,11,153,1.0,100.0,0.0,35.10666666666667
Agustín Codazzi,10,12,26,14,0,1,24,12,9,108,3.0,60.0,20.0,33.97666666666667
Landázuri,4,0,2,5,4,39,37,12,20,123,1.0,0.0,100.0,33.74333333333333
Barrancabermeja,9,0,2,1,3,81,45,37,33,211,4.0,51.35,45.95,33.376666666666665
Puerto Boyacá,0,0,5,5,5,3,8,15,21,62,5.0,10.53,89.47,32.79333333333334
Lebrija,3,2,7,2,1,28,66,22,27,158,2.0,50.0,50.0,32.68333333333333
Dabeiba,87,135,48,19,5,62,38,16,12,422,0.0,0.0,0.0,32.11666666666667
San Jacinto del Cauca,9,4,2,6,8,13,11,5,16,74,1.0,0.0,100.0,32.06666666666667
Puerto Berrío,9,0,4,36,5,10,91,10,26,191,0.0,0.0,0.0,30.966666666666665
ETI del Bajo Guainía,0,0,4,15,18,35,129,43,33,277,0.0,0.0,0.0,30.76
Ricaurte,13,24,6,2,2,32,136,31,17,263,1.0,100.0,0.0,30.473333333333333
Policarpa,13,9,21,9,3,14,7,0,1,77,0.0,0.0,0.0,30.413333333333334
Chalán,1,5,4,3,4,1,29,4,9,60,1.0,100.0,0.0,30.373333333333335
Planadas,6,0,0,6,0,0,0,0,4,16,1.0,100.0,0.0,30.267944444444446
El Tarra,35,46,101,67,28,14,41,27,33,392,0.0,0.0,0.0,29.37
El Peñón,1,0,12,3,9,26,40,31,33,155,1.0,100.0,0.0,28.593333333333334
Apartadó,1,0,6,4,0,11,9,3,0,34,1.0,0.0,100.0,28.47
San José del Fragua,28,59,75,46,34,77,42,34,12,407,0.0,0.0,0.0,28.14666666666667
Sin decisión Pol Adm Mitú,0,0,1,15,5,16,44,48,25,154,0.0,0.0,0.0,27.743333333333332
Bahía Solano,38,58,18,12,2,7,6,18,4,163,3.0,66.67,0.0,27.17
Cáchira,3,1,0,0,6,33,51,17,34,145,1.0,0.0,100.0,26.82
Girón,0,0,2,0,5,15,27,23,20,92,4.0,20.0,40.0,26.813333333333333
Medio San Juan,91,6,8,12,7,49,41,13,11,238,0.0,0.0,0.0,26.616666666666667
Dagua,13,20,1,0,1,19,18,7,15,94,2.0,33.33,33.33,26.013333333333332
Urumita,0,1,1,8,0,0,8,0,1,19,0.0,0.0,0.0,25.824166666666667
Tiquisio,2,0,36,25,18,28,139,37,6,291,1.0,0.0,100.0,25.576666666666668
San Rafael,2,0,5,3,10,16,6,4,13,59,0.0,0.0,0.0,24.976666666666667
San Martín,23,4,32,2,2,18,14,1,5,101,1.0,0.0,100.0,24.576666666666668
Tadó,3,2,3,0,8,15,13,30,16,90,0.0,0.0,0.0,24.543333333333333
Ríoviejo,1,2,27,15,12,45,64,26,18,210,0.0,0.0,0.0,24.44333333333333
Chaparral,1,0,3,0,0,1,0,0,39,44,1.0,100.0,0.0,24.31223484848485
Solita,25,5,13,26,11,33,58,23,19,213,0.0,0.0,0.0,24.28
Istmina,260,29,9,21,12,66,122,31,17,567,0.0,0.0,0.0,24.18
Santa Helena del Opón,0,0,0,0,2,82,49,37,31,201,0.0,0.0,0.0,24.17
Tarazá,82,61,18,7,7,88,30,25,9,327,1.0,0.0,100.0,23.993333333333332
El Copey,0,1,19,10,2,5,11,15,16,79,0.0,0.0,0.0,23.71
Ituango,24,54,21,18,9,67,26,13,8,240,0.0,0.0,0.0,23.53
Carurú,0,0,4,25,13,61,74,42,11,230,0.0,0.0,0.0,23.063333333333333
Santiago,0,0,0,1,1,11,11,16,18,58,3.0,80.0,20.0,22.793333333333333
Condoto,12,8,5,1,3,51,35,22,27,164,0.0,0.0,0.0,22.576666666666668
Colosó,3,8,7,2,3,7,28,5,9,72,1.0,100.0,0.0,22.373333333333335
Tuluá,2,5,0,0,0,0,0,0,26,33,4.0,28.57,71.43,22.183333333333334
Manaure Balcón del Cesar,0,1,1,3,0,0,0,3,0,8,1.0,100.0,0.0,22.141111111111112
Arboledas,0,0,2,0,2,9,9,6,1,29,1.0,100.0,0.0,21.97
Curumaní,4,14,24,2,0,2,32,10,18,106,2.0,8.33,91.67,21.953333333333333
Vélez,0,0,0,1,2,30,36,14,4,87,1.0,100.0,0.0,21.753333333333334
Roberto Payán,86,22,7,1,11,52,68,22,13,282,0.0,0.0,0.0,21.33
Barrancas,1,16,17,2,0,12,21,2,12,83,0.0,0.0,0.0,21.003333333333334
Milán,19,1,15,2,4,9,123,21,23,217,0.0,0.0,0.0,20.996666666666666
Morales,17,5,15,1,1,49,42,4,11,145,0.0,0.0,0.0,20.01
ETI Isana y Surubí,0,0,7,5,12,29,41,36,9,139,0.0,0.0,0.0,20.006666666666668
El Playón,9,3,0,0,4,58,66,33,10,183,0.0,0.0,0.0,19.843333333333334
Betulia,1,0,3,0,4,13,24,28,18,91,3.0,71.43,28.57,19.46
El Doncello,8,0,6,1,0,0,17,14,31,77,0.0,0.0,0.0,19.233333333333334
San Luis de Palenque,4,0,0,0,0,0,0,25,15,44,2.0,91.67,8.33,19.046666666666667
Cértegui,12,12,2,5,0,18,16,6,8,79,0.0,0.0,0.0,18.84
Curillo,38,5,30,22,2,21,29,25,6,178,0.0,0.0,0.0,18.80666666666667
Ábrego,1,1,1,1,5,40,24,37,14,124,0.0,0.0,0.0,18.68
Caracolí,0,0,7,2,3,3,52,51,25,143,0.0,0.0,0.0,18.336666666666666
Rio Iró,4,5,2,4,8,49,7,17,6,102,0.0,0.0,0.0,18.266666666666666
San Calixto,4,0,8,6,6,3,8,8,5,48,0.0,0.0,0.0,17.793333333333333
Atrato,14,44,4,0,1,7,4,5,7,86,0.0,0.0,0.0,17.41
Nuquí,14,55,12,25,7,15,34,37,8,207,0.0,0.0,0.0,17.333333333333332
ETI del Río Tiquié,0,0,0,19,4,4,39,10,12,88,0.0,0.0,0.0,17.31
Chimichagua,0,1,4,1,0,1,28,0,8,43,2.0,57.14,35.71,17.19333333333333
Fonseca,0,1,1,0,0,1,9,1,18,31,0.0,0.0,0.0,17.093333333333334
Turbo,2,0,7,6,0,8,17,5,3,48,3.0,6.52,89.13,16.433333333333334
Suárez,1,6,6,0,0,7,1,0,6,27,0.0,0.0,0.0,16.17
Paz de Ariporo,26,0,0,0,0,0,0,11,14,51,2.0,66.67,33.33,15.97
San Roque,0,0,1,2,3,17,16,12,7,58,0.0,0.0,0.0,15.86
Chiriguaná,2,2,0,2,1,12,11,0,6,36,0.0,0.0,0.0,15.713333333333333
San Juan del Cesar,0,1,3,6,0,1,4,0,6,21,0.0,0.0,0.0,15.63
Pore,1,0,1,0,0,0,0,4,13,19,2.0,50.0,50.0,15.566666666666666
Hacarí,0,1,18,8,0,4,15,4,4,54,0.0,0.0,0.0,15.396666666666667
Arenal,1,2,7,10,1,14,29,22,5,91,0.0,0.0,0.0,15.156666666666666
Saravena,5,0,6,0,11,3,16,3,17,61,0.0,0.0,0.0,14.893333333333333
Sácama,1,3,4,0,2,2,12,2,10,36,0.0,0.0,0.0,14.863333333333333
Unión Panamericana,11,4,0,0,1,12,19,0,5,52,1.0,0.0,0.0,14.65
El Paujil,6,2,13,0,3,7,26,44,35,136,0.0,0.0,0.0,14.56
Bucarasica,0,0,0,0,1,12,8,3,4,28,0.0,0.0,0.0,14.21
Durania,2,0,0,0,1,3,25,9,19,59,0.0,0.0,0.0,14.193333333333333
San Juan de Arama,15,8,3,6,4,6,1,43,1,87,0.0,0.0,0.0,14.106666666666667
Pensilvania,1,0,0,0,0,0,2,2,17,22,1.0,100.0,0.0,13.8
La Jagua de Ibirico,10,5,9,1,0,0,14,4,7,50,1.0,0.0,100.0,13.79
Mahates,0,8,10,2,7,0,17,1,1,46,0.0,0.0,0.0,13.76
Zambrano,0,4,4,2,3,38,45,3,3,102,0.0,0.0,0.0,13.64
San Alberto,0,6,6,1,1,2,6,27,2,51,1.0,50.0,50.0,13.186666666666667
Puerto López,14,0,9,0,0,0,0,0,0,23,3.0,33.33,66.67,13.04
Pueblo Rico,0,2,2,0,2,0,24,0,11,41,0.0,0.0,0.0,12.916666666666666
Fortul,1,0,0,2,4,3,3,7,19,39,0.0,0.0,0.0,12.893333333333333
ETI del Alto Guainía,0,0,0,2,22,16,57,15,3,115,0.0,0.0,0.0,12.88
Los Andes,5,0,3,2,1,7,2,0,0,20,1.0,0.0,100.0,12.455555555555556
San José de Uré,5,6,1,0,9,58,7,5,5,96,2.0,33.33,66.67,12.343333333333334
Cumbal,7,4,0,1,6,22,49,30,6,125,0.0,0.0,0.0,12.343333333333334
ETI de Papunahua,0,0,0,9,1,2,2,0,0,14,0.0,0.0,0.0,12.221076719576718
Achí,0,0,1,3,0,0,1,0,0,5,0.0,0.0,0.0,11.99823148148148
ETI Ancestral  Atabapo e Inírida,1,0,0,4,1,10,11,5,1,33,0.0,0.0,0.0,11.981785714285714
Orocué,2,1,1,0,0,0,0,4,12,20,1.0,0.0,100.0,11.807730158730159
Calima,2,0,0,0,1,8,1,2,7,21,1.0,50.0,50.0,11.784722222222223
San Cayetano,1,0,0,0,0,3,16,3,9,32,1.0,0.0,100.0,11.768333333333333
Caucasia,3,5,5,0,2,9,3,4,5,36,2.0,0.0,66.67,11.74
El Cantón del San Pablo,29,14,5,5,1,5,33,7,8,107,0.0,0.0,0.0,11.6
Ocaña,2,0,0,0,0,17,11,4,6,40,0.0,0.0,0.0,11.526666666666667
Trinidad,4,0,0,0,0,0,0,2,29,35,0.0,0.0,0.0,11.37
San Pablo de Borbur,2,0,10,1,1,1,4,0,0,19,0.0,0.0,0.0,11.013333333333334
Salazar,0,0,0,0,1,5,7,3,14,30,0.0,0.0,0.0,10.98
La Gloria,0,1,3,3,0,0,19,6,10,42,0.0,0.0,0.0,10.946666666666667
ETI La Victoria,0,0,0,8,12,3,10,6,5,44,0.0,0.0,0.0,10.743333333333334
Albania,12,1,1,2,5,10,17,5,0,53,0.0,0.0,0.0,10.724027777777778
Buenos Aires,3,3,0,0,0,2,5,0,10,23,0.0,0.0,0.0,10.564814814814815
Córdoba,0,0,0,0,0,5,16,2,6,29,1.0,66.67,33.33,10.55
Mallama,2,0,4,0,0,2,8,1,2,19,0.0,0.0,0.0,9.973333333333333
Maicao,0,5,8,0,0,0,46,1,0,60,0.0,0.0,0.0,9.846666666666666
Aguachica,0,0,5,2,1,2,7,1,3,21,0.0,0.0,0.0,9.821777777777777
Medellín,0,0,0,0,0,0,5,13,0,18,7.0,30.0,40.0,9.73
Acacías,8,0,11,0,0,0,0,0,0,19,0.0,0.0,0.0,9.656620753054622
Barranco de Loba,0,0,26,3,3,0,31,7,0,70,0.0,0.0,0.0,9.605238095238095
Gómez Plata,0,0,1,4,0,0,2,0,0,7,0.0,0.0,0.0,9.517120370370371
San Martín de Loba,0,0,67,1,6,2,68,4,2,150,1.0,0.0,0.0,9.443333333333333
Toluviejo,0,1,1,0,0,7,7,2,0,18,1.0,0.0,100.0,8.892222222222221
Contratación,0,0,0,0,0,6,5,0,3,14,0.0,0.0,0.0,8.8775
Labranzagrande,6,0,0,0,0,1,0,0,21,28,0.0,0.0,0.0,8.793333333333333
Pauna,1,0,2,5,1,1,5,1,6,22,0.0,0.0,0.0,8.78111111111111
La Jagua del Pilar,0,2,2,0,0,0,2,0,4,10,1.0,100.0,0.0,8.387999999999998
Altos del Rosario,0,0,20,1,5,0,32,8,0,66,0.0,0.0,0.0,8.256666666666666
Valdivia,3,0,5,2,3,0,7,0,0,20,0.0,0.0,0.0,8.239325396825395
Pelaya,0,2,3,1,0,1,10,12,0,29,0.0,0.0,0.0,8.208
El Molino,0,0,0,1,0,0,6,0,16,23,0.0,0.0,0.0,8.193333333333333
Maceo,0,0,0,0,0,2,10,3,2,17,1.0,100.0,0.0,7.83
Cubarral,6,1,5,0,0,0,1,24,2,39,0.0,0.0,0.0,7.63
Balboa,3,0,1,0,0,0,1,1,7,13,1.0,50.0,50.0,7.547222222222222
Retiro,2,0,0,3,0,4,5,9,0,23,2.0,0.0,100.0,7.44
Aguazul,1,0,0,0,0,2,0,9,7,19,1.0,100.0,0.0,7.365
Charta,0,2,0,0,0,0,0,3,5,10,0.0,0.0,0.0,7.181312530062529
Villahermosa,1,0,1,0,0,0,0,0,15,17,0.0,0.0,0.0,7.086666666666667
Mosquera,0,2,3,0,5,1,4,0,0,15,2.0,0.0,100.0,7.043333333333333
Necoclí,0,0,5,0,0,2,1,0,0,8,1.0,0.0,100.0,7.003055555555557
Tauramena,6,0,0,0,0,1,0,3,7,17,2.0,97.96,2.04,6.97
Lejanías,1,4,3,0,1,0,3,11,0,23,0.0,0.0,0.0,6.866666666666666
Quípama,0,0,7,1,0,1,0,0,2,11,0.0,0.0,0.0,6.8133333333333335
Pailitas,0,2,7,2,0,3,17,6,1,38,0.0,0.0,0.0,6.81
Ríoblanco,1,0,1,1,0,1,0,1,11,16,0.0,0.0,0.0,6.756666666666667
Los Patios,0,0,0,0,0,0,2,1,10,13,0.0,0.0,0.0,6.67
Lourdes,0,0,1,0,1,3,9,3,1,18,0.0,0.0,0.0,6.463333333333333
Abriaquí,2,1,0,0,0,11,6,2,0,22,0.0,0.0,0.0,6.389277777777778
Casabianca,0,0,0,0,0,0,0,0,11,11,0.0,0.0,0.0,6.293333333333333
Morelia,4,0,6,0,1,3,12,4,6,36,0.0,0.0,0.0,6.126666666666667
Fresno,0,0,2,0,0,0,0,0,7,9,0.0,0.0,0.0,6.013333333333334
Mistrató,0,1,2,0,1,0,2,0,4,10,2.0,100.0,0.0,5.9383333333333335
Leiva,4,10,0,0,0,1,1,0,0,16,0.0,0.0,0.0,5.9070833333333335
Becerril,14,0,1,1,2,0,11,2,1,32,1.0,0.0,100.0,5.78
Valencia,1,0,1,4,1,1,3,28,0,39,0.0,0.0,0.0,5.758035714285714
La Dorada,4,2,2,0,4,0,1,0,0,13,4.0,11.11,88.89,5.623333333333333
Cartagena de Indias,0,0,0,1,0,9,0,1,5,16,1.0,100.0,0.0,5.397777777777778
Ríofrío,1,3,0,0,0,0,2,0,2,8,1.0,20.0,80.0,5.358425925925926
Samaniego,17,0,1,0,2,5,7,0,1,33,0.0,0.0,0.0,5.125833333333333
Potosí,1,0,0,0,0,6,0,0,0,7,0.0,0.0,0.0,5.120166666666667
Monterrey,1,0,0,0,0,6,0,0,0,7,0.0,0.0,0.0,5.120166666666667
Charalá,1,0,0,0,0,4,4,6,0,15,1.0,100.0,0.0,5.11
Pasto,4,0,0,0,0,23,0,0,2,29,2.0,75.0,25.0,4.978952380952381
Colón,0,0,0,0,0,15,0,0,0,15,0.0,0.0,0.0,4.892265873015872
Francisco Pizarro,7,0,0,2,0,5,7,0,0,21,0.0,0.0,0.0,4.7757236652236665
Nueva Granada,0,0,0,0,0,0,0,0,9,9,0.0,0.0,0.0,4.753333333333333
Regidor,0,0,3,0,0,1,4,0,0,8,0.0,0.0,0.0,4.523333333333333
Morroa,0,1,0,0,0,3,25,0,0,29,0.0,0.0,0.0,4.404833333333333
Cucutilla,0,0,2,1,0,3,2,1,1,10,0.0,0.0,0.0,4.306111111111111
Funes,0,0,0,0,0,8,0,0,0,8,0.0,0.0,0.0,4.123499999999999
Gámbita,4,0,0,0,3,6,0,2,2,17,3.0,28.57,42.86,4.022650793650794
Juan de Acosta,0,0,0,0,1,13,0,0,0,14,0.0,0.0,0.0,4.004210317460318
La Primavera,0,0,2,0,0,0,0,0,0,2,1.0,100.0,0.0,3.982141888340416
Santa Cruz,11,0,2,1,1,3,3,0,0,21,0.0,0.0,0.0,3.9222222222222225
Tenerife,0,0,4,1,0,0,2,0,0,7,1.0,50.0,0.0,3.8533333333333335
Nariño,2,0,2,0,0,0,2,0,0,6,1.0,100.0,0.0,3.818890553890553
Sabanas de San Ángel,0,0,3,0,0,0,0,16,0,19,0.0,0.0,0.0,3.816666666666667
Ortega,0,0,2,0,0,0,0,0,2,4,0.0,0.0,0.0,3.5977777777777775
La Tola,3,0,0,2,0,4,2,0,0,11,0.0,0.0,0.0,3.411139009139009
Florián,0,0,1,0,2,1,6,1,1,12,0.0,0.0,0.0,3.35
Zapatoca,0,0,1,0,2,2,4,3,4,16,3.0,22.22,22.22,3.33
Ariguaní,0,0,2,2,0,0,0,0,0,4,0.0,0.0,0.0,3.2533063973063983
Remolino,0,0,0,5,0,0,0,1,0,6,0.0,0.0,0.0,3.2442433862433857
Yacopí,1,0,0,0,4,0,12,6,0,23,0.0,0.0,0.0,3.1433333333333335
Salgar,0,2,0,0,1,2,6,0,0,11,1.0,0.0,100.0,3.119111111111111
Sopetrán,0,0,0,0,0,0,4,8,0,12,0.0,0.0,0.0,3.0766666666666667
Trujillo,1,8,0,1,0,0,2,0,0,12,2.0,100.0,0.0,3.010111111111111
Briceño,0,0,0,2,0,3,5,1,0,11,0.0,0.0,0.0,3.0075363155363157
Coromoro,0,0,0,0,0,4,1,0,5,10,0.0,0.0,0.0,2.9892222222222227
Jamundí,0,1,0,0,0,0,4,5,0,10,1.0,0.0,100.0,2.627222222222222
Caicedo,0,0,1,2,0,0,2,0,0,5,1.0,100.0,0.0,2.600772486772487
Ataco,0,0,3,0,0,0,0,0,0,3,0.0,0.0,0.0,2.5973957557813394
Caldas,0,0,0,0,0,0,6,1,0,7,0.0,0.0,0.0,2.5833333333333335
Bochalema,1,0,0,0,0,4,1,2,0,8,1.0,100.0,0.0,2.456111111111111
Sevilla,0,4,1,0,2,0,0,0,0,7,2.0,0.0,100.0,2.3433333333333333
Sotaquirá,0,0,0,0,0,4,0,0,0,4,1.0,100.0,0.0,2.07750709013209
Carmen de Viboral,0,0,0,0,5,0,7,0,0,12,6.0,100.0,0.0,2.07
Matanza,0,1,0,0,1,1,3,9,0,15,0.0,0.0,0.0,2.0505238095238094
Venecia,0,0,0,0,0,0,1,7,0,8,2.0,0.0,100.0,2.0219047619047616
El Castillo,3,1,0,0,0,0,6,1,0,11,0.0,0.0,0.0,2.0180555555555553
Paime,0,0,2,0,2,0,1,0,0,5,0.0,0.0,0.0,2.013333333333333
San Pedro de Urabá,0,0,1,2,0,0,0,0,0,3,3.0,77.78,22.22,1.994415343915344
San Zenón,0,0,2,0,0,0,0,0,0,2,0.0,0.0,0.0,1.9775853208683216
San Sebastián de Buenavista,0,0,2,0,0,0,0,0,0,2,0.0,0.0,0.0,1.9775853208683216
Puerto Carreño,0,0,2,0,0,0,0,0,0,2,0.0,0.0,0.0,1.9775853208683216
Chita,3,0,0,1,0,1,0,3,3,11,0.0,0.0,0.0,1.9366666666666668
Gramalote,0,0,1,1,0,0,0,2,3,7,0.0,0.0,0.0,1.92
La Playa,3,0,0,0,0,1,2,0,3,9,0.0,0.0,0.0,1.91
Los Palmitos,0,0,0,0,0,0,7,0,1,8,0.0,0.0,0.0,1.89
Pitalito,0,0,0,0,0,4,0,0,0,4,2.0,100.0,0.0,1.8422927350427354
Anzoátegui,2,0,0,1,0,0,0,0,5,8,1.0,0.0,100.0,1.8387301587301585
Santo Domingo,0,0,2,0,1,0,0,0,0,3,1.0,0.0,100.0,1.8060132445862163
Arboletes,0,0,2,0,0,0,0,0,0,2,1.0,0.0,100.0,1.7746423863980412
Villarrica,2,0,0,2,0,0,0,0,0,4,0.0,0.0,0.0,1.69337049062049
Paya,6,0,1,0,0,3,0,0,4,14,1.0,100.0,0.0,1.684533966033966
Cajibío,0,0,0,0,0,3,4,0,0,7,0.0,0.0,0.0,1.5844722222222223
Chinácota,2,0,0,0,0,1,2,1,4,10,0.0,0.0,0.0,1.58
Páez,2,0,0,1,0,0,0,1,3,7,0.0,0.0,0.0,1.53
Patía,3,0,0,0,0,0,3,0,3,9,0.0,0.0,0.0,1.4933333333333334
Mariquita,0,0,0,1,0,0,0,0,3,4,1.0,0.0,33.33,1.4630079365079365
Cañasgordas,3,0,0,2,1,1,2,1,0,10,0.0,0.0,0.0,1.4160098605098603
El Cairo,0,0,0,1,0,0,0,0,1,2,1.0,0.0,100.0,1.3862270736543856
Villanueva,1,0,0,0,0,0,1,5,0,7,3.0,54.55,45.45,1.3733333333333333
La Unión,0,0,0,0,0,5,0,0,0,5,0.0,0.0,0.0,1.3377936507936505
El Tablón,1,0,0,0,0,5,0,0,3,9,0.0,0.0,0.0,1.305325396825397
Pamplona,0,0,0,0,0,4,0,0,0,4,0.0,0.0,0.0,1.2870158730158723
Repelón,0,0,0,0,1,3,0,6,6,16,0.0,0.0,0.0,1.25665873015873
Campohermoso,0,0,0,1,0,0,0,0,1,2,1.0,100.0,0.0,1.2079847097347098
Peque,0,0,0,2,0,0,1,1,0,4,1.0,57.14,28.57,1.1835780423280422
Piojó,0,0,1,0,0,5,0,0,0,6,1.0,0.0,100.0,1.1622045084301662
Pisva,7,0,0,0,2,1,1,1,2,14,0.0,0.0,0.0,1.1555555555555557
Rovira,0,0,0,1,0,0,0,0,2,3,1.0,100.0,0.0,1.1165669608169608
Villa Caro,0,0,0,0,1,0,2,3,0,6,1.0,100.0,0.0,1.0966666666666667
Puerto Triunfo,0,0,1,0,0,2,1,0,1,5,4.0,18.6,81.4,1.0705555555555557
El Águila,0,0,0,0,0,0,2,0,2,4,0.0,0.0,0.0,0.9944444444444446
Suratá,0,0,0,0,0,2,3,0,1,6,1.0,100.0,0.0,0.9773217893217894
San Diego,0,0,1,0,0,1,3,0,1,6,0.0,0.0,0.0,0.9566666666666667
Piedecuesta,0,0,0,0,0,1,1,1,1,4,2.0,50.0,50.0,0.9555555555555556
Angelópolis,0,0,0,0,0,0,1,6,0,7,0.0,0.0,0.0,0.9341269841269841
Victoria,2,0,0,0,3,0,4,0,0,9,2.0,100.0,0.0,0.8466666666666667
Ciudad Bolívar,0,0,0,0,0,2,5,0,0,7,0.0,0.0,0.0,0.8448888888888889
Carepa,0,1,0,0,0,0,1,1,0,3,2.0,0.0,95.65,0.8390952380952382
Pivijay,0,0,0,0,0,0,0,8,0,8,1.0,33.33,66.67,0.8266666666666667
Colombia,10,1,0,0,1,0,0,0,0,12,1.0,100.0,0.0,0.7928879310344827
Socorro,0,0,0,0,0,3,0,0,0,3,0.0,0.0,0.0,0.7581666666666669
Mogotes,0,0,0,0,0,3,1,1,0,5,0.0,0.0,0.0,0.7372658730158729
San Agustín,1,0,0,1,0,0,0,0,0,2,3.0,100.0,0.0,0.696859668109668
Cravo Norte,4,0,1,1,0,0,0,0,0,6,1.0,100.0,0.0,0.6951881451881453
Buesaco,1,0,0,0,0,1,1,0,2,5,0.0,0.0,0.0,0.6822222222222222
Valle de San José,0,0,0,0,0,0,1,1,1,3,0.0,0.0,0.0,0.6728888888888889
Suaita,1,0,0,0,1,2,0,0,1,5,4.0,81.25,18.75,0.6149285714285714
Yopal,4,0,0,0,1,0,0,3,2,10,2.0,60.87,39.13,0.5924841269841269
Acevedo,7,0,0,0,0,2,0,0,0,9,1.0,100.0,0.0,0.5612353063603059
Floridablanca,0,0,0,0,0,2,0,0,0,2,1.0,100.0,0.0,0.5612353063603059
Ibagué,3,0,0,0,2,0,0,0,5,10,1.0,49.35,44.16,0.5442857142857143
Norcasia,1,0,0,0,5,0,1,2,0,9,6.0,5.88,94.12,0.5263492063492063
El Dovio,0,0,0,1,0,0,1,0,0,2,1.0,0.0,0.0,0.4793333333333334
Tona,1,0,1,0,0,2,0,0,0,4,5.0,84.21,15.79,0.41520634920634913
Sincelejo,0,0,0,2,0,0,0,0,0,2,1.0,60.0,40.0,0.39086375661375666
Pedraza,0,0,0,0,0,0,4,0,0,4,1.0,0.0,0.0,0.37
Granada,0,0,0,0,0,0,1,4,0,5,3.0,0.0,80.0,0.36523809523809525
Nocaima,0,0,0,0,0,0,0,0,0,0,1.0,100.0,0.0,0.35892599312452245
Facatativá,0,0,0,0,0,0,0,0,0,0,1.0,100.0,0.0,0.35892599312452245
Ansermanuevo,0,0,0,0,0,0,0,0,0,0,1.0,100.0,0.0,0.35892599312452245
Inzá,1,0,0,0,0,0,0,0,0,1,1.0,100.0,0.0,0.35892599312452245
Subachoque,0,0,0,0,0,0,0,0,0,0,1.0,100.0,0.0,0.35892599312452245
Caicedonia,0,0,0,0,0,0,0,0,0,0,1.0,100.0,0.0,0.35892599312452245
Puebloviejo,0,0,0,0,0,0,0,0,0,0,1.0,100.0,0.0,0.35892599312452245
Marulanda,0,0,0,0,0,0,0,0,0,0,1.0,100.0,0.0,0.35892599312452245
Providencia y Santa Catalina - Costa,0,0,0,0,0,0,0,0,0,0,1.0,100.0,0.0,0.35892599312452245
Marmato,0,0,0,0,0,0,0,0,0,0,1.0,100.0,0.0,0.35892599312452245
Guayabetal,1,0,0,0,0,0,0,0,0,1,1.0,100.0,0.0,0.35892599312452245
Restrepo,3,0,0,0,0,0,0,0,0,3,1.0,100.0,0.0,0.35892599312452245
Consacá,5,0,0,0,0,0,0,0,0,5,1.0,100.0,0.0,0.35892599312452245
Liborina,1,0,0,0,0,1,0,0,0,2,1.0,100.0,0.0,0.3533812600797894
La Cumbre,0,0,0,0,0,0,1,0,0,1,1.0,100.0,0.0,0.31766954124307045
Concordia,0,0,0,0,0,1,1,0,0,2,1.0,100.0,0.0,0.3158513594248887
Tubará,5,0,1,0,0,2,0,0,0,8,0.0,0.0,0.0,0.3132222222222223
Duitama,0,0,0,0,0,0,0,6,0,6,1.0,100.0,0.0,0.3024404761904762
La Cruz,0,0,0,0,0,2,0,0,0,2,0.0,0.0,0.0,0.2937222222222223
Neira,0,0,0,0,0,0,0,0,3,3,1.0,100.0,0.0,0.28911752136752145
La Vega,1,0,1,0,0,0,1,0,0,3,3.0,66.67,33.33,0.28
Zona Bananera,0,0,1,0,0,0,0,2,1,4,1.0,90.0,10.0,0.25198412698412703
Nunchía,3,0,0,0,0,1,0,0,1,5,1.0,100.0,0.0,0.2471241283226578
San Luis de Gaceno,3,0,1,0,0,0,0,0,2,6,0.0,0.0,0.0,0.24111111111111114
Bucaramanga,0,1,0,0,0,0,0,2,0,3,5.0,16.67,50.0,0.23944444444444443
Maní,3,0,0,0,0,0,0,4,6,13,1.0,0.0,0.0,0.2353968253968254
Pajarito,0,0,0,0,0,0,0,0,3,3,2.0,50.0,50.0,0.23087301587301587
Beltrán,3,0,0,0,0,0,0,6,0,9,0.0,0.0,0.0,0.22666666666666666
Santa Bárbara de Pinto,0,0,0,0,0,0,0,6,0,6,0.0,0.0,0.0,0.22666666666666666
Santa María,6,0,0,0,0,0,0,0,3,9,0.0,0.0,0.0,0.2211111111111111
Cabrera,0,0,0,0,0,0,0,0,3,3,0.0,0.0,0.0,0.2211111111111111
El Guacamayo,0,0,0,0,0,2,0,1,1,4,0.0,0.0,0.0,0.2182976190476191
Onzaga,1,0,0,0,0,2,0,3,1,7,0.0,0.0,0.0,0.215186507936508
San Joaquín,0,0,0,0,0,2,3,0,0,5,0.0,0.0,0.0,0.20291666666666666
Clemencia,0,0,0,0,2,0,0,0,1,3,0.0,0.0,0.0,0.17
Saboyá,0,0,1,0,0,0,0,0,0,1,1.0,0.0,100.0,0.16441737701906192
San Andrés,0,0,0,0,0,1,1,1,0,3,1.0,0.0,100.0,0.16163549056276408
Guasca,0,0,0,0,0,0,0,0,0,0,2.0,100.0,0.0,0.16000616050616057
Turbana,0,0,0,0,0,0,1,1,0,2,2.0,0.0,100.0,0.15757142857142858
González,0,0,0,1,0,2,0,0,0,3,0.0,0.0,0.0,0.15708333333333332
Quebradanegra,0,0,0,0,1,0,0,0,0,1,1.0,0.0,100.0,0.15232091515605894
Buenavista,0,0,0,0,1,0,0,0,0,1,1.0,0.0,100.0,0.15232091515605894
La Peña,0,0,0,0,4,0,0,0,0,4,1.0,0.0,100.0,0.14565424848939232
Maripí,0,0,0,0,1,0,1,0,0,2,0.0,0.0,0.0,0.14333333333333334
Amagá,0,0,0,1,0,0,2,0,0,3,1.0,0.0,100.0,0.13435085470085467
Uramita,0,1,0,0,0,0,0,0,0,1,0.0,0.0,0.0,0.13343650276259944
Giraldo,1,1,0,0,0,0,0,0,0,2,0.0,0.0,0.0,0.13343650276259944
Villeta,0,0,0,0,2,0,0,0,0,2,1.0,0.0,100.0,0.13232091515605898
Andes,0,0,0,0,0,0,3,0,0,3,2.0,50.0,50.0,0.13
Betania,0,0,0,0,0,0,2,0,0,2,1.0,100.0,0.0,0.1288456820956821
Abejorral,0,0,0,0,0,0,3,0,0,3,1.0,100.0,0.0,0.12549098124098126
Pesca,0,0,0,0,0,0,0,0,1,1,1.0,0.0,100.0,0.11949566818517729
Cali,2,0,0,0,0,0,1,0,0,3,7.0,39.87,37.97,0.11666666666666667
Bello,1,0,0,0,0,0,1,0,0,2,4.0,35.29,47.06,0.11666666666666667
Zarzal,0,4,0,0,0,0,0,0,0,4,0.0,0.0,0.0,0.11606313131313131
Barranca de Upía,0,0,1,0,0,0,0,0,0,1,1.0,60.0,20.0,0.11333333333333333
Chima,0,0,0,0,0,0,0,2,1,3,1.0,0.0,100.0,0.10943780256393848
Bugalagrande,0,11,0,0,0,0,0,0,0,11,1.0,0.0,100.0,0.10666666666666667
La Llanada,5,0,0,0,1,1,2,0,0,9,0.0,0.0,0.0,0.10333333333333333
Chitagá,4,0,0,0,0,2,2,0,0,8,0.0,0.0,0.0,0.09069444444444447
Santa Rosa de Cabal,0,0,0,0,1,0,0,0,0,1,4.0,57.97,15.94,0.09
Guatavita,0,0,0,0,0,0,0,0,0,0,0.0,0.0,0.0,0.0798799450155233
Guateque,0,0,0,0,0,0,0,0,0,0,0.0,0.0,0.0,0.0798799450155233
San Bernardo del Viento,0,0,0,0,0,0,0,0,0,0,0.0,0.0,0.0,0.0798799450155233
San Bernardo del Viento - Costa,0,0,0,0,0,0,0,0,0,0,0.0,0.0,0.0,0.0798799450155233
Melgar,0,0,0,0,0,0,0,0,0,0,0.0,0.0,0.0,0.0798799450155233
Mercaderes,0,0,0,0,0,0,0,0,0,0,0.0,0.0,0.0,0.0798799450155233
Miranda,0,0,0,0,0,0,0,0,0,0,0.0,0.0,0.0,0.0798799450155233
Cuítiva,0,0,0,0,0,0,0,0,0,0,0.0,0.0,0.0,0.0798799450155233
Cácota,0,0,0,0,0,0,0,0,0,0,0.0,0.0,0.0,0.0798799450155233
Cáqueza,0,0,0,0,0,0,0,0,0,0,0.0,0.0,0.0,0.0798799450155233
San Estanislao,0,0,0,0,0,0,0,0,0,0,0.0,0.0,0.0,0.0798799450155233
Saldaña,0,0,0,0,0,0,0,0,0,0,0.0,0.0,0.0,0.0798799450155233
Samacá,0,0,0,0,0,0,0,0,0,0,0.0,0.0,0.0,0.0798799450155233
Sampués,0,0,0,0,0,0,0,0,0,0,0.0,0.0,0.0,0.0798799450155233
San Andrés - Costa,0,0,0,0,0,0,0,0,0,0,0.0,0.0,0.0,0.0798799450155233
Tuchín,0,0,0,0,0,0,0,0,0,0,0.0,0.0,0.0,0.0798799450155233
Sabanalarga,5,0,0,0,0,0,0,0,0,5,0.0,0.0,0.0,0.0798799450155233
Silvia,5,0,0,0,0,0,0,0,0,5,0.0,0.0,0.0,0.0798799450155233
Prado,4,0,0,0,0,0,0,0,0,4,0.0,0.0,0.0,0.0798799450155233
Medina,4,0,0,0,0,0,0,0,0,4,0.0,0.0,0.0,0.0798799450155233
Toca,0,0,0,0,0,0,0,0,0,0,0.0,0.0,0.0,0.0798799450155233
Tocancipá,0,0,0,0,0,0,0,0,0,0,0.0,0.0,0.0,0.0798799450155233
La Pintada,0,0,0,0,0,0,0,0,0,0,0.0,0.0,0.0,0.0798799450155233
Cerrito,0,0,0,0,0,0,0,0,0,0,0.0,0.0,0.0,0.0798799450155233
Cerro de San Antonio,0,0,0,0,0,0,0,0,0,0,0.0,0.0,0.0,0.0798799450155233
Gigante,3,0,0,0,0,0,0,0,0,3,0.0,0.0,0.0,0.0798799450155233
Gachetá,3,0,0,0,0,0,0,0,0,3,0.0,0.0,0.0,0.0798799450155233
Hobo,4,0,0,0,0,0,0,0,0,4,0.0,0.0,0.0,0.0798799450155233
Socotá,3,0,0,0,0,0,0,0,0,3,0.0,0.0,0.0,0.0798799450155233
Sitionuevo,3,0,0,0,0,0,0,0,0,3,0.0,0.0,0.0,0.0798799450155233
Jerusalén,3,0,0,0,0,0,0,0,0,3,0.0,0.0,0.0,0.0798799450155233
Tibasosa,0,0,0,0,0,0,0,0,0,0,0.0,0.0,0.0,0.0798799450155233
Tibirita,0,0,0,0,0,0,0,0,0,0,0.0,0.0,0.0,0.0798799450155233
Timaná,0,0,0,0,0,0,0,0,0,0,0.0,0.0,0.0,0.0798799450155233
Timbiquí - Costa,0,0,0,0,0,0,0,0,0,0,0.0,0.0,0.0,0.0798799450155233
Timbío,0,0,0,0,0,0,0,0,0,0,0.0,0.0,0.0,0.0798799450155233
Tinjacá,0,0,0,0,0,0,0,0,0,0,0.0,0.0,0.0,0.0798799450155233
Tópaga,0,0,0,0,0,0,0,0,0,0,0.0,0.0,0.0,0.0798799450155233
Ubaque,0,0,0,0,0,0,0,0,0,0,0.0,0.0,0.0,0.0798799450155233
Tolú - Costa,0,0,0,0,0,0,0,0,0,0,0.0,0.0,0.0,0.0798799450155233
Toro,0,0,0,0,0,0,0,0,0,0,0.0,0.0,0.0,0.0798799450155233
Totoró,0,0,0,0,0,0,0,0,0,0,0.0,0.0,0.0,0.0798799450155233
Tubará - Costa,0,0,0,0,0,0,0,0,0,0,0.0,0.0,0.0,0.0798799450155233
Tipacoque,0,0,0,0,0,0,0,0,0,0,0.0,0.0,0.0,0.0798799450155233
La Florida,3,0,0,0,0,0,0,0,0,3,0.0,0.0,0.0,0.0798799450155233
San Jerónimo,6,0,0,0,0,0,0,0,0,6,0.0,0.0,0.0,0.0798799450155233
Túquerres,8,0,0,0,0,0,0,0,0,8,0.0,0.0,0.0,0.0798799450155233
Pulí,6,0,0,0,0,0,0,0,0,6,0.0,0.0,0.0,0.0798799450155233
Ubalá,7,0,0,0,0,0,0,0,0,7,0.0,0.0,0.0,0.0798799450155233
Carmen de Apicalá,2,0,0,0,0,0,0,0,0,2,0.0,0.0,0.0,0.0798799450155233
Tausa,0,0,0,0,0,0,0,0,0,0,0.0,0.0,0.0,0.0798799450155233
Chinchiná,0,0,0,0,0,0,0,0,0,0,0.0,0.0,0.0,0.0798799450155233
Turbo - Costa,0,0,0,0,0,0,0,0,0,0,0.0,0.0,0.0,0.0798799450155233
Teruel,0,0,0,0,0,0,0,0,0,0,0.0,0.0,0.0,0.0798799450155233
Tesalia,0,0,0,0,0,0,0,0,0,0,0.0,0.0,0.0,0.0798799450155233
Tibacuy,0,0,0,0,0,0,0,0,0,0,0.0,0.0,0.0,0.0798799450155233
Tibaná,0,0,0,0,0,0,0,0,0,0,0.0,0.0,0.0,0.0798799450155233
Linares,2,0,0,0,0,0,0,0,0,2,0.0,0.0,0.0,0.0798799450155233
Toribío,2,0,0,0,0,0,0,0,0,2,0.0,0.0,0.0,0.0798799450155233
Sandoná,2,0,0,0,0,0,0,0,0,2,0.0,0.0,0.0,0.0798799450155233
Guayatá,2,0,0,0,0,0,0,0,0,2,0.0,0.0,0.0,0.0798799450155233
Anolaima,2,0,0,0,0,0,0,0,0,2,0.0,0.0,0.0,0.0798799450155233
Gama,3,0,0,0,0,0,0,0,0,3,0.0,0.0,0.0,0.0798799450155233
Apía,0,0,0,0,0,0,0,0,0,0,0.0,0.0,0.0,0.0798799450155233
La Tola - Costa,0,0,0,0,0,0,0,0,0,0,0.0,0.0,0.0,0.0798799450155233
La Uvita,0,0,0,0,0,0,0,0,0,0,0.0,0.0,0.0,0.0798799450155233
La Sierra,0,0,0,0,0,0,0,0,0,0,0.0,0.0,0.0,0.0798799450155233
Busbanzá,0,0,0,0,0,0,0,0,0,0,0.0,0.0,0.0,0.0798799450155233
Cachipay,0,0,0,0,0,0,0,0,0,0,0.0,0.0,0.0,0.0798799450155233
Caimito,0,0,0,0,0,0,0,0,0,0,0.0,0.0,0.0,0.0798799450155233
Hato Nuevo,0,0,0,0,0,0,0,0,0,0,0.0,0.0,0.0,0.0798799450155233
Heliconia,0,0,0,0,0,0,0,0,0,0,0.0,0.0,0.0,0.0798799450155233
Tarso,0,0,0,0,0,0,0,0,0,0,0.0,0.0,0.0,0.0798799450155233
Tasco,0,0,0,0,0,0,0,0,0,0,0.0,0.0,0.0,0.0798799450155233
Suesca,2,0,0,0,0,0,0,0,0,2,0.0,0.0,0.0,0.0798799450155233
Susa,0,0,0,0,0,0,0,0,0,0,0.0,0.0,0.0,0.0798799450155233
Susacón,0,0,0,0,0,0,0,0,0,0,0.0,0.0,0.0,0.0798799450155233
Chipaque,0,0,0,0,0,0,0,0,0,0,0.0,0.0,0.0,0.0798799450155233
Chipatá,0,0,0,0,0,0,0,0,0,0,0.0,0.0,0.0,0.0798799450155233
Chiquinquirá,0,0,0,0,0,0,0,0,0,0,0.0,0.0,0.0,0.0798799450155233
Tenza,0,0,0,0,0,0,0,0,0,0,0.0,0.0,0.0,0.0798799450155233
Campoalegre,11,0,0,0,0,0,0,0,0,11,0.0,0.0,0.0,0.0798799450155233
Baraya,11,0,0,0,0,0,0,0,0,11,0.0,0.0,0.0,0.0798799450155233
Tangua,0,0,0,0,0,0,0,0,0,0,0.0,0.0,0.0,0.0798799450155233
Anserma,0,0,0,0,0,0,0,0,0,0,0.0,0.0,0.0,0.0798799450155233
Apulo,0,0,0,0,0,0,0,0,0,0,0.0,0.0,0.0,0.0798799450155233
Guamal,2,0,0,0,0,0,0,0,0,2,0.0,0.0,0.0,0.0798799450155233
La Virginia,0,0,0,0,0,0,0,0,0,0,0.0,0.0,0.0,0.0798799450155233
Labateca,0,0,0,0,0,0,0,0,0,0,0.0,0.0,0.0,0.0798799450155233
Lenguazaque,0,0,0,0,0,0,0,0,0,0,0.0,0.0,0.0,0.0798799450155233
Lorica,0,0,0,0,0,0,0,0,0,0,0.0,0.0,0.0,0.0798799450155233
Los Córdobas - Costa,0,0,0,0,0,0,0,0,0,0,0.0,0.0,0.0,0.0798799450155233
Los Santos,0,0,0,0,0,0,0,0,0,0,0.0,0.0,0.0,0.0798799450155233
Lérida,0,0,0,0,0,0,0,0,0,0,0.0,0.0,0.0,0.0798799450155233
Sora,0,0,0,0,0,0,0,0,0,0,0.0,0.0,0.0,0.0798799450155233
Soracá,0,0,0,0,0,0,0,0,0,0,0.0,0.0,0.0,0.0798799450155233
Versalles,1,0,0,0,0,0,0,0,0,1,0.0,0.0,0.0,0.0798799450155233
Cabuyaro,1,0,0,0,0,0,0,0,0,1,0.0,0.0,0.0,0.0798799450155233
Titiribí,1,0,0,0,0,0,0,0,0,1,0.0,0.0,0.0,0.0798799450155233
Tello,1,0,0,0,0,0,0,0,0,1,0.0,0.0,0.0,0.0798799450155233
Icononzo,1,0,0,0,0,0,0,0,0,1,0.0,0.0,0.0,0.0798799450155233
Cumaral,1,0,0,0,0,0,0,0,0,1,0.0,0.0,0.0,0.0798799450155233
San Sebastián,1,0,0,0,0,0,0,0,0,1,0.0,0.0,0.0,0.0798799450155233
Concepción,1,0,0,0,0,0,0,0,0,1,0.0,0.0,0.0,0.0798799450155233
Yacuanquer,1,0,0,0,0,0,0,0,0,1,0.0,0.0,0.0,0.0798799450155233
Macanal,1,0,0,0,0,0,0,0,0,1,0.0,0.0,0.0,0.0798799450155233
Sotará,1,0,0,0,0,0,0,0,0,1,0.0,0.0,0.0,0.0798799450155233
Taminango,1,0,0,0,0,0,0,0,0,1,0.0,0.0,0.0,0.0798799450155233
Chocontá,0,0,0,0,0,0,0,0,0,0,0.0,0.0,0.0,0.0798799450155233
Chía,0,0,0,0,0,0,0,0,0,0,0.0,0.0,0.0,0.0798799450155233
Chíquiza,0,0,0,0,0,0,0,0,0,0,0.0,0.0,0.0,0.0798799450155233
Cicuco,0,0,0,0,0,0,0,0,0,0,0.0,0.0,0.0,0.0798799450155233
Sogamoso,0,0,0,0,0,0,0,0,0,0,0.0,0.0,0.0,0.0798799450155233
López - Costa,0,0,0,0,0,0,0,0,0,0,0.0,0.0,0.0,0.0798799450155233
Macaravita,0,0,0,0,0,0,0,0,0,0,0.0,0.0,0.0,0.0798799450155233
Sutamarchán,0,0,0,0,0,0,0,0,0,0,0.0,0.0,0.0,0.0798799450155233
Sutatausa,0,0,0,0,0,0,0,0,0,0,0.0,0.0,0.0,0.0798799450155233
Sutatenza,0,0,0,0,0,0,0,0,0,0,0.0,0.0,0.0,0.0798799450155233
Suán,0,0,0,0,0,0,0,0,0,0,0.0,0.0,0.0,0.0798799450155233
Sáchica,0,0,0,0,0,0,0,0,0,0,0.0,0.0,0.0,0.0798799450155233
Tabio,0,0,0,0,0,0,0,0,0,0,0.0,0.0,0.0,0.0798799450155233
Soledad,0,0,0,0,0,0,0,0,0,0,0.0,0.0,0.0,0.0798799450155233
Somondoco,0,0,0,0,0,0,0,0,0,0,0.0,0.0,0.0,0.0798799450155233
Soplaviento,0,0,0,0,0,0,0,0,0,0,0.0,0.0,0.0,0.0798799450155233
Chivatá,0,0,0,0,0,0,0,0,0,0,0.0,0.0,0.0,0.0798799450155233
Chivolo,0,0,0,0,0,0,0,0,0,0,0.0,0.0,0.0,0.0798799450155233
Choachí,0,0,0,0,0,0,0,0,0,0,0.0,0.0,0.0,0.0798799450155233
Ancuya,1,0,0,0,0,0,0,0,0,1,0.0,0.0,0.0,0.0798799450155233
Cisneros,0,0,0,0,0,0,0,0,0,0,0.0,0.0,0.0,0.0798799450155233
Sopó,0,0,0,0,0,0,0,0,0,0,0.0,0.0,0.0,0.0798799450155233
Siachoque,0,0,0,0,0,0,0,0,0,0,0.0,0.0,0.0,0.0798799450155233
Sibaté,0,0,0,0,0,0,0,0,0,0,0.0,0.0,0.0,0.0798799450155233
Silos,0,0,0,0,0,0,0,0,0,0,0.0,0.0,0.0,0.0798799450155233
Simijaca,0,0,0,0,0,0,0,0,0,0,0.0,0.0,0.0,0.0798799450155233
Sitionuevo - Costa,0,0,0,0,0,0,0,0,0,0,0.0,0.0,0.0,0.0798799450155233
Ragonvalia,1,0,0,0,0,0,0,0,0,1,0.0,0.0,0.0,0.0798799450155233
Natagaima,1,0,0,0,0,0,0,0,0,1,0.0,0.0,0.0,0.0798799450155233
Mutiscua,1,0,0,0,0,0,0,0,0,1,0.0,0.0,0.0,0.0798799450155233
Roldanillo,1,0,0,0,0,0,0,0,0,1,0.0,0.0,0.0,0.0798799450155233
Don Matias,1,0,0,0,0,0,0,0,0,1,0.0,0.0,0.0,0.0798799450155233
Gutiérrez,1,0,0,0,0,0,0,0,0,1,0.0,0.0,0.0,0.0798799450155233
Socha,0,0,0,0,0,0,0,0,0,0,0.0,0.0,0.0,0.0798799450155233
Cogua,0,0,0,0,0,0,0,0,0,0,0.0,0.0,0.0,0.0798799450155233
Malambo,0,0,0,0,0,0,0,0,0,0,0.0,0.0,0.0,0.0798799450155233
Manatí,0,0,0,0,0,0,0,0,0,0,0.0,0.0,0.0,0.0798799450155233
Machetá,0,0,0,0,0,0,0,0,0,0,0.0,0.0,0.0,0.0798799450155233
Gámeza,0,0,0,0,0,0,0,0,0,0,0.0,0.0,0.0,0.0798799450155233
Güepsa,0,0,0,0,0,0,0,0,0,0,0.0,0.0,0.0,0.0798799450155233
Hatillo de Loba,0,0,0,0,0,0,0,0,0,0,0.0,0.0,0.0,0.0798799450155233
Buenaventura - Costa,0,0,0,0,0,0,0,0,0,0,0.0,0.0,0.0,0.0798799450155233
Magangué,0,0,0,0,0,0,0,0,0,0,0.0,0.0,0.0,0.0798799450155233
Majagual,0,0,0,0,0,0,0,0,0,0,0.0,0.0,0.0,0.0798799450155233
Santa Lucía,0,0,0,0,0,0,0,0,0,0,0.0,0.0,0.0,0.0798799450155233
Coveñas,1,0,0,0,0,0,0,0,0,1,0.0,0.0,0.0,0.0798799450155233
Santa Marta - Costa,0,0,0,0,0,0,0,0,0,0,0.0,0.0,0.0,0.0798799450155233
Santa Rosa de Viterbo,0,0,0,0,0,0,0,0,0,0,0.0,0.0,0.0,0.0798799450155233
Santa Rosalía,0,0,0,0,0,0,0,0,0,0,0.0,0.0,0.0,0.0798799450155233
Santa Sofía,0,0,0,0,0,0,0,0,0,0,0.0,0.0,0.0,0.0798799450155233
Santo Tomás,0,0,0,0,0,0,0,0,0,0,0.0,0.0,0.0,0.0798799450155233
Sapuyes,0,0,0,0,0,0,0,0,0,0,0.0,0.0,0.0,0.0798799450155233
Sativanorte,0,0,0,0,0,0,0,0,0,0,0.0,0.0,0.0,0.0798799450155233
Sativasur,0,0,0,0,0,0,0,0,0,0,0.0,0.0,0.0,0.0798799450155233
Sesquilé,0,0,0,0,0,0,0,0,0,0,0.0,0.0,0.0,0.0798799450155233
Santa Bárbara - Costa,0,0,0,0,0,0,0,0,0,0,0.0,0.0,0.0,0.0798799450155233
Santa Catalina - Costa,0,0,0,0,0,0,0,0,0,0,0.0,0.0,0.0,0.0798799450155233
Ciénaga - Costa,0,0,0,0,0,0,0,0,0,0,0.0,0.0,0.0,0.0798799450155233
Ciénega,0,0,0,0,0,0,0,0,0,0,0.0,0.0,0.0,0.0798799450155233
Pradera,1,0,0,0,0,0,0,0,0,1,0.0,0.0,0.0,0.0798799450155233
El Peñol,1,0,0,0,0,0,0,0,0,1,0.0,0.0,0.0,0.0798799450155233
El Espino,1,0,0,0,0,0,0,0,0,1,0.0,0.0,0.0,0.0798799450155233
Pácora,1,0,0,0,0,0,0,0,0,1,0.0,0.0,0.0,0.0798799450155233
Guaitarilla,1,0,0,0,0,0,0,0,0,1,0.0,0.0,0.0,0.0798799450155233
El Calvario,1,0,0,0,0,0,0,0,0,1,0.0,0.0,0.0,0.0798799450155233
Coello,0,0,0,0,0,0,0,0,0,0,0.0,0.0,0.0,0.0798799450155233
Uribia,0,0,0,0,0,0,0,0,0,0,0.0,0.0,0.0,0.0798799450155233
Uribia - Costa,0,0,0,0,0,0,0,0,0,0,0.0,0.0,0.0,0.0798799450155233
Valle de San Juan,0,0,0,0,0,0,0,0,0,0,0.0,0.0,0.0,0.0798799450155233
Venadillo,0,0,0,0,0,0,0,0,0,0,0.0,0.0,0.0,0.0798799450155233
Ventaquemada,0,0,0,0,0,0,0,0,0,0,0.0,0.0,0.0,0.0798799450155233
Vetas,0,0,0,0,0,0,0,0,0,0,0.0,0.0,0.0,0.0798799450155233
Piedras,1,0,0,0,0,0,0,0,0,1,0.0,0.0,0.0,0.0798799450155233
Viotá,0,0,0,0,0,0,0,0,0,0,0.0,0.0,0.0,0.0798799450155233
Fómeque,1,0,0,0,0,0,0,0,0,1,0.0,0.0,0.0,0.0798799450155233
Girardot,1,0,0,0,0,0,0,0,0,1,0.0,0.0,0.0,0.0798799450155233
Almeida,1,0,0,0,0,0,0,0,0,1,0.0,0.0,0.0,0.0798799450155233
Villavieja,0,0,0,0,0,0,0,0,0,0,0.0,0.0,0.0,0.0798799450155233
Íquira,1,0,0,0,0,0,0,0,0,1,0.0,0.0,0.0,0.0798799450155233
San Onofre - Costa,0,0,0,0,0,0,0,0,0,0,0.0,0.0,0.0,0.0798799450155233
San Pedro,0,0,0,0,0,0,0,0,0,0,0.0,0.0,0.0,0.0798799450155233
Santander de Quilichao,0,0,0,0,0,0,0,0,0,0,0.0,0.0,0.0,0.0798799450155233
Manaure - Costa,0,0,0,0,0,0,0,0,0,0,0.0,0.0,0.0,0.0798799450155233
Manta,0,0,0,0,0,0,0,0,0,0,0.0,0.0,0.0,0.0798799450155233
Manzanares,0,0,0,0,0,0,0,0,0,0,0.0,0.0,0.0,0.0798799450155233
Margarita,0,0,0,0,0,0,0,0,0,0,0.0,0.0,0.0,0.0798799450155233
Marquetalia,0,0,0,0,0,0,0,0,0,0,0.0,0.0,0.0,0.0798799450155233
Betéitiva,0,0,0,0,0,0,0,0,0,0,0.0,0.0,0.0,0.0798799450155233
Arboletes - Costa,0,0,0,0,0,0,0,0,0,0,0.0,0.0,0.0,0.0798799450155233
Alcalá,0,0,0,0,0,0,0,0,0,0,0.0,0.0,0.0,0.0798799450155233
Zetaquira,0,0,0,0,0,0,0,0,0,0,0.0,0.0,0.0,0.0798799450155233
Zapayán,0,0,0,0,0,0,0,0,0,0,0.0,0.0,0.0,0.0798799450155233
La Capilla,0,0,0,0,0,0,0,0,0,0,0.0,0.0,0.0,0.0798799450155233
Ubaté,0,0,0,0,0,0,0,0,0,0,0.0,0.0,0.0,0.0798799450155233
Une,0,0,0,0,0,0,0,0,0,0,0.0,0.0,0.0,0.0798799450155233
Unguía - Costa,0,0,0,0,0,0,0,0,0,0,0.0,0.0,0.0,0.0798799450155233
Imués,0,0,0,0,0,0,0,0,0,0,0.0,0.0,0.0,0.0798799450155233
Itagüí,0,0,0,0,0,0,0,0,0,0,0.0,0.0,0.0,0.0798799450155233
Iza,0,0,0,0,0,0,0,0,0,0,0.0,0.0,0.0,0.0798799450155233
Peñol,0,0,0,0,0,0,0,0,0,0,0.0,0.0,0.0,0.0798799450155233
Palmar de Varela,0,0,0,0,0,0,0,0,0,0,0.0,0.0,0.0,0.0798799450155233
Palmito,0,0,0,0,0,0,0,0,0,0,0.0,0.0,0.0,0.0798799450155233
Pandi,0,0,0,0,0,0,0,0,0,0,0.0,0.0,0.0,0.0798799450155233
Panqueba,0,0,0,0,0,0,0,0,0,0,0.0,0.0,0.0,0.0798799450155233
Barranquilla,0,0,0,0,0,0,0,0,0,0,0.0,0.0,0.0,0.0798799450155233
Barranquilla - Costa,0,0,0,0,0,0,0,0,0,0,0.0,0.0,0.0,0.0798799450155233
Belén,0,0,0,0,0,0,0,0,0,0,0.0,0.0,0.0,0.0798799450155233
Cotorra,0,0,0,0,0,0,0,0,0,0,0.0,0.0,0.0,0.0798799450155233
Covarachía,0,0,0,0,0,0,0,0,0,0,0.0,0.0,0.0,0.0798799450155233
Coveñas - Costa,0,0,0,0,0,0,0,0,0,0,0.0,0.0,0.0,0.0798799450155233
Coyaima,0,0,0,0,0,0,0,0,0,0,0.0,0.0,0.0,0.0798799450155233
Manaure,0,0,0,0,0,0,0,0,0,0,0.0,0.0,0.0,0.0798799450155233
Piojó - Costa,0,0,0,0,0,0,0,0,0,0,0.0,0.0,0.0,0.0798799450155233
Elías,0,0,0,0,0,0,0,0,0,0,0.0,0.0,0.0,0.0798799450155233
Encino,0,0,0,0,0,0,0,0,0,0,0.0,0.0,0.0,0.0798799450155233
Enciso,0,0,0,0,0,0,0,0,0,0,0.0,0.0,0.0,0.0798799450155233
Belén de Umbría,0,0,0,0,0,0,0,0,0,0,0.0,0.0,0.0,0.0798799450155233
Alpujarra,0,0,0,0,0,0,0,0,0,0,0.0,0.0,0.0,0.0798799450155233
Altamira,0,0,0,0,0,0,0,0,0,0,0.0,0.0,0.0,0.0798799450155233
Alvarado,0,0,0,0,0,0,0,0,0,0,0.0,0.0,0.0,0.0798799450155233
Gachantivá,0,0,0,0,0,0,0,0,0,0,0.0,0.0,0.0,0.0798799450155233
Galapa,0,0,0,0,0,0,0,0,0,0,0.0,0.0,0.0,0.0798799450155233
Ginebra,0,0,0,0,0,0,0,0,0,0,0.0,0.0,0.0,0.0798799450155233
Palmar,0,0,0,0,0,0,0,0,0,0,0.0,0.0,0.0,0.0798799450155233
Berbeo,0,0,0,0,0,0,0,0,0,0,0.0,0.0,0.0,0.0798799450155233
Paz de Río,0,0,0,0,0,0,0,0,0,0,0.0,0.0,0.0,0.0798799450155233
Floresta,0,0,0,0,0,0,0,0,0,0,0.0,0.0,0.0,0.0798799450155233
Iles,0,0,0,0,0,0,0,0,0,0,0.0,0.0,0.0,0.0798799450155233
San Pedro de Cartago,0,0,0,0,0,0,0,0,0,0,0.0,0.0,0.0,0.0798799450155233
Arbeláez,0,0,0,0,0,0,0,0,0,0,0.0,0.0,0.0,0.0798799450155233
Arboleda,0,0,0,0,0,0,0,0,0,0,0.0,0.0,0.0,0.0798799450155233
Contadero,0,0,0,0,0,0,0,0,0,0,0.0,0.0,0.0,0.0798799450155233
Coper,0,0,0,0,0,0,0,0,0,0,0.0,0.0,0.0,0.0798799450155233
Corinto,0,0,0,0,0,0,0,0,0,0,0.0,0.0,0.0,0.0798799450155233
Corozal,0,0,0,0,0,0,0,0,0,0,0.0,0.0,0.0,0.0798799450155233
Corrales,0,0,0,0,0,0,0,0,0,0,0.0,0.0,0.0,0.0798799450155233
Florida,0,0,0,0,0,0,0,0,0,0,0.0,0.0,0.0,0.0798799450155233
Fosca,0,0,0,0,0,0,0,0,0,0,0.0,0.0,0.0,0.0798799450155233
Francisco Pizarro - Costa,0,0,0,0,0,0,0,0,0,0,0.0,0.0,0.0,0.0798799450155233
Fredonia,0,0,0,0,0,0,0,0,0,0,0.0,0.0,0.0,0.0798799450155233
Piendamó,0,0,0,0,0,0,0,0,0,0,0.0,0.0,0.0,0.0798799450155233
Pinillos,0,0,0,0,0,0,0,0,0,0,0.0,0.0,0.0,0.0798799450155233
Fúquene,0,0,0,0,0,0,0,0,0,0,0.0,0.0,0.0,0.0798799450155233
Gachancipá,0,0,0,0,0,0,0,0,0,0,0.0,0.0,0.0,0.0798799450155233
Olaya,0,0,0,0,0,0,0,0,0,0,0.0,0.0,0.0,0.0798799450155233
Olaya Herrera - Costa,0,0,0,0,0,0,0,0,0,0,0.0,0.0,0.0,0.0798799450155233
Oporapa,0,0,0,0,0,0,0,0,0,0,0.0,0.0,0.0,0.0798799450155233
Ospina,0,0,0,0,0,0,0,0,0,0,0.0,0.0,0.0,0.0798799450155233
Padilla,0,0,0,0,0,0,0,0,0,0,0.0,0.0,0.0,0.0798799450155233
Paicol,0,0,0,0,0,0,0,0,0,0,0.0,0.0,0.0,0.0798799450155233
Palermo,0,0,0,0,0,0,0,0,0,0,0.0,0.0,0.0,0.0798799450155233
Firavitoba,0,0,0,0,0,0,0,0,0,0,0.0,0.0,0.0,0.0798799450155233
Flandes,0,0,0,0,0,0,0,0,0,0,0.0,0.0,0.0,0.0798799450155233
Pital,0,0,0,0,0,0,0,0,0,0,0.0,0.0,0.0,0.0798799450155233
Bituima,0,0,0,0,0,0,0,0,0,0,0.0,0.0,0.0,0.0798799450155233
Boavita,0,0,0,0,0,0,0,0,0,0,0.0,0.0,0.0,0.0798799450155233
Guamo,0,0,0,0,0,0,0,0,0,0,0.0,0.0,0.0,0.0798799450155233
Puerto Tejada,0,0,0,0,0,0,0,0,0,0,0.0,0.0,0.0,0.0798799450155233
Pupiales,0,0,0,0,0,0,0,0,0,0,0.0,0.0,0.0,0.0798799450155233
Polonuevo,0,0,0,0,0,0,0,0,0,0,0.0,0.0,0.0,0.0798799450155233
Ponedera,0,0,0,0,0,0,0,0,0,0,0.0,0.0,0.0,0.0798799450155233
Popayán,0,0,0,0,0,0,0,0,0,0,0.0,0.0,0.0,0.0798799450155233
El Charco - Costa,0,0,0,0,0,0,0,0,0,0,0.0,0.0,0.0,0.0798799450155233
El Cocuy,0,0,0,0,0,0,0,0,0,0,0.0,0.0,0.0,0.0798799450155233
El Colegio,0,0,0,0,0,0,0,0,0,0,0.0,0.0,0.0,0.0798799450155233
Puebloviejo - Costa,0,0,0,0,0,0,0,0,0,0,0.0,0.0,0.0,0.0798799450155233
Puerto Colombia - Costa,0,0,0,0,0,0,0,0,0,0,0.0,0.0,0.0,0.0798799450155233
Puerto Escondido,0,0,0,0,0,0,0,0,0,0,0.0,0.0,0.0,0.0798799450155233
El Litoral del San Juán - Costa,0,0,0,0,0,0,0,0,0,0,0.0,0.0,0.0,0.0798799450155233
El Paso,0,0,0,0,0,0,0,0,0,0,0.0,0.0,0.0,0.0798799450155233
El Piñón,0,0,0,0,0,0,0,0,0,0,0.0,0.0,0.0,0.0798799450155233
El Retén,0,0,0,0,0,0,0,0,0,0,0.0,0.0,0.0,0.0798799450155233
Espinal,0,0,0,0,0,0,0,0,0,0,0.0,0.0,0.0,0.0798799450155233
Quipile,0,0,0,0,0,0,0,0,0,0,0.0,0.0,0.0,0.0798799450155233
Ramiriquí,0,0,0,0,0,0,0,0,0,0,0.0,0.0,0.0,0.0798799450155233
Recetor,0,0,0,0,0,0,0,0,0,0,0.0,0.0,0.0,0.0798799450155233
El Roble,0,0,0,0,0,0,0,0,0,0,0.0,0.0,0.0,0.0798799450155233
Puerto Escondido - Costa,0,0,0,0,0,0,0,0,0,0,0.0,0.0,0.0,0.0798799450155233
Obando,0,0,0,0,0,0,0,0,0,0,0.0,0.0,0.0,0.0798799450155233
Oicatá,0,0,0,0,0,0,0,0,0,0,0.0,0.0,0.0,0.0798799450155233
Guacamayas,0,0,0,0,0,0,0,0,0,0,0.0,0.0,0.0,0.0798799450155233
Guachené,0,0,0,0,0,0,0,0,0,0,0.0,0.0,0.0,0.0798799450155233
Guachetá,0,0,0,0,0,0,0,0,0,0,0.0,0.0,0.0,0.0798799450155233
Guachucal,0,0,0,0,0,0,0,0,0,0,0.0,0.0,0.0,0.0798799450155233
Gualmatán,0,0,0,0,0,0,0,0,0,0,0.0,0.0,0.0,0.0798799450155233
Nuevo Colón,0,0,0,0,0,0,0,0,0,0,0.0,0.0,0.0,0.0798799450155233
Nuquí - Costa,0,0,0,0,0,0,0,0,0,0,0.0,0.0,0.0,0.0798799450155233
Nátaga,0,0,0,0,0,0,0,0,0,0,0.0,0.0,0.0,0.0798799450155233
Puerto Santander,0,0,0,0,0,0,0,0,0,0,0.0,0.0,0.0,0.0798799450155233
Barichara,0,0,0,0,0,0,0,0,0,0,0.0,0.0,0.0,0.0798799450155233
Risaralda,0,0,0,0,0,0,0,0,0,0,0.0,0.0,0.0,0.0798799450155233
California,0,0,0,0,0,0,0,0,0,0,0.0,0.0,0.0,0.0798799450155233
Caloto,0,0,0,0,0,0,0,0,0,0,0.0,0.0,0.0,0.0798799450155233
Campo de La Cruz,0,0,0,0,0,0,0,0,0,0,0.0,0.0,0.0,0.0798799450155233
Candelaria,0,0,0,0,0,0,0,0,0,0,0.0,0.0,0.0,0.0798799450155233
Agua de Dios,0,0,0,0,0,0,0,0,0,0,0.0,0.0,0.0,0.0798799450155233
Aipe,0,0,0,0,0,0,0,0,0,0,0.0,0.0,0.0,0.0798799450155233
Albán,0,0,0,0,0,0,0,0,0,0,0.0,0.0,0.0,0.0798799450155233
Almaguer,0,0,0,0,0,0,0,0,0,0,0.0,0.0,0.0,0.0798799450155233
San Antero - Costa,0,0,0,0,0,0,0,0,0,0,0.0,0.0,0.0,0.0798799450155233
San Antonio,0,0,0,0,0,0,0,0,0,0,0.0,0.0,0.0,0.0798799450155233
San Benito,0,0,0,0,0,0,0,0,0,0,0.0,0.0,0.0,0.0798799450155233
Guapi - Costa,0,0,0,0,0,0,0,0,0,0,0.0,0.0,0.0,0.0798799450155233
Guapotá,0,0,0,0,0,0,0,0,0,0,0.0,0.0,0.0,0.0798799450155233
Guaranda,0,0,0,0,0,0,0,0,0,0,0.0,0.0,0.0,0.0798799450155233
Viracachá,0,0,0,0,0,0,0,0,0,0,0.0,0.0,0.0,0.0798799450155233
Puracé,0,0,0,0,0,0,0,0,0,0,0.0,0.0,0.0,0.0798799450155233
Purificación,0,0,0,0,0,0,0,0,0,0,0.0,0.0,0.0,0.0798799450155233
Purísima,0,0,0,0,0,0,0,0,0,0,0.0,0.0,0.0,0.0798799450155233
Málaga,0,0,0,0,0,0,0,0,0,0,0.0,0.0,0.0,0.0798799450155233
Necoclí - Costa,0,0,0,0,0,0,0,0,0,0,0.0,0.0,0.0,0.0798799450155233
Nilo,0,0,0,0,0,0,0,0,0,0,0.0,0.0,0.0,0.0798799450155233
Nobsa,0,0,0,0,0,0,0,0,0,0,0.0,0.0,0.0,0.0798799450155233
Páramo,0,0,0,0,0,0,0,0,0,0,0.0,0.0,0.0,0.0798799450155233
Quetame,0,0,0,0,0,0,0,0,0,0,0.0,0.0,0.0,0.0798799450155233
Cucaita,0,0,0,0,0,0,0,0,0,0,0.0,0.0,0.0,0.0798799450155233
Cucunubá,0,0,0,0,0,0,0,0,0,0,0.0,0.0,0.0,0.0798799450155233
Cuaspud,0,0,0,0,0,0,0,0,0,0,0.0,0.0,0.0,0.0798799450155233
San Fernando,0,0,0,0,0,0,0,0,0,0,0.0,0.0,0.0,0.0798799450155233
San José de Miranda,0,0,0,0,0,0,0,0,0,0,0.0,0.0,0.0,0.0798799450155233
San Juan de Betulia,0,0,0,0,0,0,0,0,0,0,0.0,0.0,0.0,0.0798799450155233
San Juan de Rioseco,0,0,0,0,0,0,0,0,0,0,0.0,0.0,0.0,0.0798799450155233
San Juan de Urabá,0,0,0,0,0,0,0,0,0,0,0.0,0.0,0.0,0.0798799450155233
San Juan de Urabá - Costa,0,0,0,0,0,0,0,0,0,0,0.0,0.0,0.0,0.0798799450155233
San Lorenzo,0,0,0,0,0,0,0,0,0,0,0.0,0.0,0.0,0.0798799450155233
San Mateo,0,0,0,0,0,0,0,0,0,0,0.0,0.0,0.0,0.0798799450155233
Astrea,0,0,0,0,0,0,0,0,0,0,0.0,0.0,0.0,0.0798799450155233
Bahía Solano - Costa,0,0,0,0,0,0,0,0,0,0,0.0,0.0,0.0,0.0798799450155233
Bajo Baudó - Costa,0,0,0,0,0,0,0,0,0,0,0.0,0.0,0.0,0.0798799450155233
Mompós,0,0,0,0,0,0,0,0,0,0,0.0,0.0,0.0,0.0798799450155233
Monguí,0,0,0,0,0,0,0,0,0,0,0.0,0.0,0.0,0.0798799450155233
San Andrés de Sotavento,0,0,0,0,0,0,0,0,0,0,0.0,0.0,0.0,0.0798799450155233
Mosquera - Costa,0,0,0,0,0,0,0,0,0,0,0.0,0.0,0.0,0.0798799450155233
Motavita,0,0,0,0,0,0,0,0,0,0,0.0,0.0,0.0,0.0798799450155233
Moñitos,0,0,0,0,0,0,0,0,0,0,0.0,0.0,0.0,0.0798799450155233
Moñitos - Costa,0,0,0,0,0,0,0,0,0,0,0.0,0.0,0.0,0.0798799450155233
Rosas,0,0,0,0,0,0,0,0,0,0,0.0,0.0,0.0,0.0798799450155233
Ráquira,0,0,0,0,0,0,0,0,0,0,0.0,0.0,0.0,0.0798799450155233
Ríohacha - Costa,0,0,0,0,0,0,0,0,0,0,0.0,0.0,0.0,0.0798799450155233
Sabanagrande,0,0,0,0,0,0,0,0,0,0,0.0,0.0,0.0,0.0798799450155233
Sabaneta,0,0,0,0,0,0,0,0,0,0,0.0,0.0,0.0,0.0798799450155233
Dibulla - Costa,0,0,0,0,0,0,0,0,0,0,0.0,0.0,0.0,0.0798799450155233
Dosquebradas,0,0,0,0,0,0,0,0,0,0,0.0,0.0,0.0,0.0798799450155233
Cajicá,0,0,0,0,0,0,0,0,0,0,0.0,0.0,0.0,0.0798799450155233
Guicán,0,0,0,0,0,0,0,0,0,0,0.0,0.0,0.0,0.0798799450155233
San Cristóbal,0,0,0,0,0,0,0,0,0,0,0.0,0.0,0.0,0.0798799450155233
San Eduardo,0,0,0,0,0,0,0,0,0,0,0.0,0.0,0.0,0.0798799450155233
La Mesa,0,0,0,0,0,0,0,0,0,0,0.0,0.0,0.0,0.0798799450155233
Zipaquirá,0,0,0,0,0,0,0,0,0,0,0.0,0.0,0.0,0.0798799450155233
Acandí - Costa,0,0,0,0,0,0,0,0,0,0,0.0,0.0,0.0,0.0798799450155233
Juan de Acosta - Costa,0,0,0,0,0,0,0,0,0,0,0.0,0.0,0.0,0.0798799450155233
La Apartada,0,0,0,0,0,0,0,0,0,0,0.0,0.0,0.0,0.0798799450155233
La Argentina,0,0,0,0,0,0,0,0,0,0,0.0,0.0,0.0,0.0798799450155233
Yaguará,0,0,0,0,0,0,0,0,0,0,0.0,0.0,0.0,0.0798799450155233
Algarrobo,0,0,0,0,0,0,0,0,0,0,0.0,0.0,0.0,0.0798799450155233
Villapinzón,0,0,0,0,0,0,0,0,0,0,0.0,0.0,0.0,0.0798799450155233
Zipacón,0,0,0,0,0,0,0,0,0,0,0.0,0.0,0.0,0.0798799450155233
Tumaco - Costa,0,0,0,0,0,0,0,0,0,0,0.0,0.0,0.0,0.0798799450155233
Tunja,0,0,0,0,0,0,0,0,0,0,0.0,0.0,0.0,0.0798799450155233
Turbana - Costa,0,0,0,0,0,0,0,0,0,0,0.0,0.0,0.0,0.0798799450155233
Jambaló,0,0,0,0,0,0,0,0,0,0,0.0,0.0,0.0,0.0798799450155233
Jenesano,0,0,0,0,0,0,0,0,0,0,0.0,0.0,0.0,0.0798799450155233
La Merced,0,0,0,0,0,0,0,0,0,0,0.0,0.0,0.0,0.0798799450155233
Carcasí,0,0,0,0,0,0,0,0,0,0,0.0,0.0,0.0,0.0798799450155233
Cartagena de Indias - Costa,0,0,0,0,0,0,0,0,0,0,0.0,0.0,0.0,0.0798799450155233
Carmen de Carupa,0,0,0,0,0,0,0,0,0,0,0.0,0.0,0.0,0.0798799450155233
Tutazá,0,0,0,0,0,0,0,0,0,0,0.0,0.0,0.0,0.0798799450155233
Tuta,0,0,0,0,0,0,0,0,0,0,0.0,0.0,0.0,0.0798799450155233
Turmequé,0,0,0,0,0,0,0,0,0,0,0.0,0.0,0.0,0.0798799450155233
La Palma,0,0,0,0,0,0,0,0,0,0,0.0,0.0,0.0,0.0798799450155233
Aldana,0,0,0,0,0,0,0,0,0,0,0.0,0.0,0.0,0.0798799450155233
Villa Rica,0,0,0,0,0,0,0,0,0,0,0.0,0.0,0.0,0.0798799450155233
Villa del Rosario,0,0,0,0,0,0,0,0,0,0,0.0,0.0,0.0,0.0798799450155233
Villagómez,0,0,0,0,0,0,0,0,0,0,0.0,0.0,0.0,0.0798799450155233
Úmbita,0,0,0,0,0,0,0,0,0,0,0.0,0.0,0.0,0.0798799450155233
Agrado,0,0,0,0,0,0,0,0,0,0,0.0,0.0,0.0,0.0798799450155233
Anapoima,0,0,0,0,0,0,0,0,0,0,0.0,0.0,0.0,0.0798799450155233
Cepitá,0,0,0,0,0,0,0,0,0,0,0.0,0.0,0.0,0.0798799450155233
Capitanejo,0,0,0,0,0,0,0,0,0,0,0.0,0.0,0.0,0.0798799450155233
Rio de Oro,0,0,0,0,0,1,2,0,0,3,1.0,80.0,20.0,0.07666666666666666
San Bernardo,0,1,1,0,0,0,0,0,0,2,0.0,0.0,0.0,0.07569901651030446
Caparrapí,0,0,0,0,1,0,0,3,0,4,1.0,50.0,50.0,0.07
Junín,4,0,0,0,0,0,0,0,0,4,2.0,90.0,0.0,0.0653282550782551
Chaguaní,0,0,0,0,0,0,0,0,0,0,3.0,100.0,0.0,0.06247269397269398
Cocorná,0,0,0,0,0,0,1,0,0,1,2.0,27.27,72.73,0.06
Baranoa,0,0,1,0,0,0,0,0,0,1,0.0,0.0,0.0,0.054357308781421664
Bosconia,0,0,1,0,0,0,0,0,0,1,0.0,0.0,0.0,0.054357308781421664
Caldono,0,0,1,0,0,0,0,0,0,1,0.0,0.0,0.0,0.054357308781421664
Paipa,0,0,1,0,0,0,0,0,0,1,0.0,0.0,0.0,0.054357308781421664
Plato,0,0,1,0,0,0,0,0,0,1,0.0,0.0,0.0,0.054357308781421664
Pijiño del Carmen,0,0,1,0,0,0,0,0,0,1,0.0,0.0,0.0,0.054357308781421664
Providencia,3,0,1,0,0,0,0,0,0,4,0.0,0.0,0.0,0.054357308781421664
Santa Ana,0,0,1,0,0,0,0,0,0,1,0.0,0.0,0.0,0.054357308781421664
El Dorado,0,0,0,0,0,0,2,0,0,2,0.0,0.0,0.0,0.05362424242424242
Neiva,7,0,0,0,0,0,2,0,0,9,0.0,0.0,0.0,0.05362424242424242
Jericó,0,0,0,0,0,1,2,0,0,3,2.0,0.0,100.0,0.05333333333333334
Usiacurí,0,0,1,0,0,1,0,0,0,2,0.0,0.0,0.0,0.04356197352587245
Luruaco,0,0,0,1,0,1,0,0,0,2,0.0,0.0,0.0,0.043333333333333335
Isnos,0,0,0,0,0,0,0,1,0,1,2.0,100.0,0.0,0.036037157287157284
Guayabal de Síquima,0,0,0,0,0,0,0,0,0,0,1.0,0.0,100.0,0.03603677868515097
Momil,0,0,0,0,0,0,0,0,0,0,1.0,0.0,100.0,0.03603677868515097
Barbosa,0,0,0,0,0,0,0,0,0,0,1.0,0.0,100.0,0.03603677868515097
Quimbaya,0,0,0,0,0,0,0,0,0,0,1.0,0.0,100.0,0.03603677868515097
Vijes,0,0,0,0,0,0,0,0,0,0,1.0,0.0,100.0,0.03603677868515097
Cartago,0,0,0,0,0,0,0,0,0,0,1.0,0.0,100.0,0.03603677868515097
Cereté,0,0,0,0,0,0,0,0,0,0,1.0,0.0,100.0,0.03603677868515097
San Benito Abad,0,0,0,0,0,0,0,0,0,0,1.0,0.0,100.0,0.03603677868515097
Madrid,0,0,0,0,0,0,0,0,0,0,1.0,0.0,100.0,0.03603677868515097
Filadelfia,1,0,0,0,0,0,0,0,0,1,1.0,0.0,100.0,0.03603677868515097
Galeras,0,0,0,0,0,0,0,0,0,0,1.0,0.0,100.0,0.03603677868515097
Silvania,1,0,0,0,0,0,0,0,0,1,1.0,0.0,100.0,0.03603677868515097
Supatá,0,0,0,0,0,0,0,0,0,0,1.0,0.0,100.0,0.03603677868515097
Andalucía,0,0,0,0,0,0,0,0,0,0,1.0,0.0,100.0,0.03603677868515097
Soatá,0,0,0,0,0,0,0,0,0,0,1.0,0.0,100.0,0.03603677868515097
Moniquirá,1,0,0,0,0,0,0,0,0,1,1.0,0.0,100.0,0.03603677868515097
Guacarí,1,0,0,0,0,0,0,0,0,1,1.0,0.0,100.0,0.03603677868515097
Sincé,0,0,0,0,0,0,0,0,0,0,1.0,0.0,100.0,0.03603677868515097
Murillo,5,0,0,0,0,0,0,0,0,5,1.0,0.0,100.0,0.03603677868515097
Angostura,3,0,0,0,0,0,0,0,0,3,1.0,0.0,100.0,0.03603677868515097
Chinavita,0,0,0,0,0,0,0,0,0,0,1.0,0.0,100.0,0.03603677868515097
Tarqui,0,0,0,0,0,0,0,0,0,0,1.0,0.0,100.0,0.03603677868515097
Chinú,0,0,0,0,0,0,0,0,0,0,1.0,0.0,100.0,0.03603677868515097
Tenjo,1,0,0,0,0,0,0,0,0,1,1.0,0.0,100.0,0.03603677868515097
Guaca,0,0,0,0,0,0,0,0,0,0,1.0,0.0,100.0,0.03603677868515097
Fusagasugá,0,0,0,0,0,0,0,0,0,0,1.0,0.0,100.0,0.03603677868515097
El Rosal,0,0,0,0,0,0,0,0,0,0,1.0,0.0,100.0,0.03603677868515097
Cota,0,0,0,0,0,0,0,0,0,0,1.0,0.0,100.0,0.03603677868515097
Guática,0,0,0,0,0,0,0,0,0,0,1.0,0.0,100.0,0.03603677868515097
Ulloa,0,0,0,0,0,0,0,0,0,0,1.0,0.0,100.0,0.03603677868515097
Funza,0,0,0,0,0,0,0,0,0,0,1.0,0.0,100.0,0.03603677868515097
Pasca,0,0,0,0,0,0,0,0,0,0,1.0,0.0,100.0,0.03603677868515097
Aratoca,0,0,0,0,0,0,0,0,0,0,1.0,0.0,100.0,0.03603677868515097
Pachavita,0,0,0,0,0,0,0,0,0,0,1.0,0.0,100.0,0.03603677868515097
Gachalá,13,0,0,0,0,0,0,0,0,13,1.0,0.0,100.0,0.03603677868515097
Yumbo,0,0,0,0,0,0,0,0,0,0,1.0,0.0,100.0,0.03603677868515097
Carolina,0,0,0,0,0,0,0,0,0,0,1.0,0.0,100.0,0.03603677868515097
Tocaima,0,0,0,0,0,0,0,0,0,0,1.0,0.0,100.0,0.03603677868515097
Herrán,0,0,0,0,0,0,0,0,0,0,1.0,0.0,100.0,0.03603677868515097
La Tebaida,0,0,0,0,0,0,0,0,0,0,1.0,0.0,100.0,0.03603677868515097
Soacha,0,0,0,0,0,0,0,0,0,0,1.0,0.0,100.0,0.03603677868515097
Girardota,1,0,0,0,0,0,0,0,0,1,1.0,0.0,100.0,0.03603677868515097
Vergara,1,0,0,0,0,0,0,0,0,1,1.0,0.0,100.0,0.03603677868515097
Quinchía,0,0,0,0,0,0,0,0,0,0,1.0,0.0,100.0,0.03603677868515097
Ebéjico,0,0,0,0,0,0,0,0,0,0,1.0,0.0,100.0,0.03603677868515097
Bojacá,0,0,0,0,0,0,0,0,0,0,1.0,0.0,100.0,0.03603677868515097
Saladoblanco,0,0,0,0,0,0,0,0,0,0,1.0,0.0,100.0,0.03603677868515097
Rondón,0,0,0,0,0,0,0,0,0,0,1.0,0.0,100.0,0.03603677868515097
El Banco,0,0,0,0,0,0,0,0,0,0,1.0,0.0,100.0,0.03603677868515097
Hato,2,0,0,0,0,0,0,2,0,4,2.0,100.0,0.0,0.03251190476190476
Yarumal,0,0,0,0,0,0,1,0,0,1,3.0,0.0,100.0,0.03
Montería,0,0,0,0,0,0,0,2,0,2,1.0,0.0,100.0,0.028162360250497745
Guadalupe,0,0,0,0,0,0,0,2,0,2,1.0,0.0,100.0,0.028162360250497745
Providencia y Santa Catalina,0,0,0,0,0,0,0,0,0,0,1.0,86.96,8.7,0.02423015873015873
Algeciras,0,0,0,0,0,0,3,0,0,3,0.0,0.0,0.0,0.02029090909090909
Manizales,0,0,0,0,0,0,0,0,0,0,6.0,47.37,36.84,0.02
La Ceja,1,0,0,0,0,0,1,0,0,2,1.0,0.0,100.0,0.017395824981431808
La Estrella,0,0,0,0,0,0,1,0,0,1,1.0,0.0,100.0,0.017395824981431808
Santuario,0,0,0,0,0,0,1,0,0,1,1.0,0.0,100.0,0.017395824981431808
Santa Rosa de Osos,4,0,0,0,0,0,0,0,0,4,4.0,60.0,40.0,0.016666666666666666
San Juanito,0,0,0,0,0,0,0,0,0,0,3.0,86.49,13.51,0.01411111111111111
Chámeza,0,0,0,0,0,0,0,2,0,2,0.0,0.0,0.0,0.013333333333333334
Nemocón,0,0,0,0,0,0,0,4,0,4,0.0,0.0,0.0,0.013333333333333334
Tamalameque,0,0,0,0,0,0,0,2,0,2,0.0,0.0,0.0,0.013333333333333334
Villamaría,0,0,0,0,0,0,0,2,0,2,1.0,40.0,60.0,0.013333333333333334
Fuente de Oro,3,0,0,0,0,0,0,0,2,5,0.0,0.0,0.0,0.012222222222222221
Aquitania,0,0,0,0,0,0,0,0,2,2,0.0,0.0,0.0,0.012222222222222221
Alejandría,0,0,0,0,0,0,0,0,2,2,0.0,0.0,0.0,0.012222222222222221
La Salina,2,0,0,0,0,0,0,0,2,4,0.0,0.0,0.0,0.012222222222222221
Honda,1,0,0,0,0,0,0,0,2,3,0.0,0.0,0.0,0.012222222222222221
Salento,1,0,0,0,0,0,0,0,0,1,5.0,39.82,52.21,0.01
Palmira,0,0,0,0,0,0,0,0,0,0,4.0,33.33,66.67,0.01
Turbaco,0,0,0,0,0,0,0,0,0,0,4.0,0.0,58.33,0.01
Yotoco,0,0,0,0,0,0,1,0,0,1,1.0,0.0,0.0,0.01
Guarne,0,0,0,0,0,0,0,0,0,0,4.0,16.67,66.67,0.01
Ayapel,0,0,0,0,0,1,0,0,0,1,1.0,0.0,100.0,0.008722134646498519
Guataquí,0,0,0,0,1,0,0,0,0,1,0.0,0.0,0.0,0.0077682630490114
Nimaima,0,0,0,0,1,0,0,0,0,1,0.0,0.0,0.0,0.0077682630490114
Entrerríos,0,0,0,0,1,0,0,0,0,1,0.0,0.0,0.0,0.0077682630490114
Chitaraque,0,0,0,0,2,0,0,0,0,2,0.0,0.0,0.0,0.0077682630490114
Útica,1,0,0,0,2,0,0,0,0,3,0.0,0.0,0.0,0.0077682630490114
Rivera,0,0,0,0,1,0,0,0,0,1,0.0,0.0,0.0,0.0077682630490114
Jordán,0,0,0,0,2,0,0,0,0,2,0.0,0.0,0.0,0.0077682630490114
Topaipí,0,0,0,0,1,0,0,0,0,1,0.0,0.0,0.0,0.0077682630490114
Ambalema,0,0,0,0,2,0,0,0,0,2,0.0,0.0,0.0,0.0077682630490114
Dolores,1,0,0,0,1,0,0,0,0,2,0.0,0.0,0.0,0.0077682630490114
San José de Pare,0,0,0,0,1,1,0,0,0,2,0.0,0.0,0.0,0.006791147994467496
Campamento,0,0,0,0,2,1,0,0,0,3,0.0,0.0,0.0,0.006791147994467496
Togüí,0,0,0,0,2,1,0,0,0,3,0.0,0.0,0.0,0.006791147994467496
Santana,0,0,0,0,1,1,0,0,0,2,0.0,0.0,0.0,0.006791147994467496
Puerres,1,0,0,0,1,1,0,2,0,5,0.0,0.0,0.0,0.006666666666666667
Jesús María,0,0,0,0,2,0,0,2,0,4,0.0,0.0,0.0,0.006666666666666667
Buga,0,0,0,0,0,0,0,0,0,0,1.0,50.0,41.67,0.006666666666666667
Garagoa,0,0,0,0,0,0,0,0,0,0,2.0,40.0,40.0,0.006666666666666667
Arcabuco,0,0,0,0,0,0,0,0,0,0,4.0,57.14,42.86,0.0033333333333333335
"Bogotá, D.C.",0,0,0,0,0,0,0,0,0,0,4.0,21.15,21.15,0.0033333333333333335
Pereira,2,0,0,0,0,0,0,0,0,2,4.0,53.66,14.63,0.0033333333333333335
Támesis,0,0,0,0,0,0,0,0,0,0,4.0,50.0,50.0,0.0033333333333333335
Planeta Rica,0,0,0,1,0,0,0,0,0,1,0.0,0.0,0.0,0.002666666666666667
Ocamonte,0,0,0,1,0,0,0,0,0,1,0.0,0.0,0.0,0.002666666666666667
Herveo,1,0,0,1,0,0,0,0,0,2,0.0,0.0,0.0,0.002666666666666667
Pamplonita,1,0,0,1,0,0,0,0,0,2,0.0,0.0,0.0,0.002666666666666667
Santa Catalina,0,0,0,1,0,0,0,0,0,1,0.0,0.0,0.0,0.002666666666666667
Cunday,0,0,0,1,0,0,0,0,0,1,0.0,0.0,0.0,0.002666666666666667
Vianí,1,0,0,0,0,0,0,0,0,1,2.0,0.0,100.0,0.0021194798928669896
Supia,0,0,0,0,0,0,0,0,0,0,2.0,0.0,100.0,0.0021194798928669896
Montenegro,0,0,0,0,0,0,0,0,0,0,2.0,0.0,100.0,0.0021194798928669896
Copacabana,0,0,0,0,0,0,0,0,0,0,2.0,0.0,100.0,0.0021194798928669896
Anzá,0,0,0,0,0,0,1,0,0,1,0.0,0.0,0.0,0.0007525550578273431
La Celia,0,0,0,0,0,0,1,0,0,1,0.0,0.0,0.0,0.0007525550578273431
Arjona,0,0,0,0,0,0,1,0,0,1,0.0,0.0,0.0,0.0007525550578273431
Buriticá,0,0,0,0,0,0,1,0,0,1,0.0,0.0,0.0,0.0007525550578273431
Pueblorrico,0,0,0,0,0,0,1,0,0,1,0.0,0.0,0.0,0.0007525550578273431
Arroyohondo,0,0,0,0,0,0,1,0,0,1,0.0,0.0,0.0,0.0007525550578273431
Aguadas,0,0,0,0,0,0,1,0,0,1,0.0,0.0,0.0,0.0007525550578273431
San José,0,0,0,0,0,0,1,0,0,1,0.0,0.0,0.0,0.0007525550578273431
Marsella,0,0,0,0,0,0,1,0,0,1,0.0,0.0,0.0,0.0007525550578273431
Aguada,0,0,0,0,0,0,1,0,0,1,0.0,0.0,0.0,0.0007525550578273431
San Gil,0,0,0,0,0,0,1,0,0,1,0.0,0.0,0.0,0.0007525550578273431
Galán,0,0,0,0,0,0,1,0,0,1,0.0,0.0,0.0,0.0007525550578273431
Puente Nacional,0,0,0,0,0,0,1,0,0,1,0.0,0.0,0.0,0.0007525550578273431
Curití,0,0,0,0,0,0,1,0,0,1,0.0,0.0,0.0,0.0007525550578273431
Villa de Leiva,0,0,0,0,0,0,0,0,0,0,2.0,0.0,80.0,0.0004928315412186379
Guavatá,0,0,0,0,0,1,0,0,0,1,0.0,0.0,0.0,0.0003531215203399394
Montebello,0,0,0,0,0,1,0,0,0,1,0.0,0.0,0.0,0.0003531215203399394
Palmas del Socorro,0,0,0,0,0,1,0,0,0,1,0.0,0.0,0.0,0.0003531215203399394
Santa Fe de Antioquia,0,0,0,0,0,1,0,0,0,1,0.0,0.0,0.0,0.0003531215203399394
Hispania,0,0,0,0,0,1,0,0,0,1,0.0,0.0,0.0,0.0003531215203399394
Chachagüí,1,0,0,0,0,1,0,0,0,2,0.0,0.0,0.0,0.0003531215203399394
Circasia,0,0,0,0,0,0,0,0,0,0,3.0,0.0,100.0,0.00020833333333333335
Sahagún,0,0,0,0,0,0,0,0,0,0,3.0,0.0,100.0,0.00020833333333333335
Salamina,1,0,0,0,0,0,0,0,0,1,1.0,33.33,66.67,0.00011904761904761905
Caramanta,0,0,0,0,0,0,0,0,0,0,1.0,33.33,66.67,0.00011904761904761905
Boyacá,0,0,0,0,0,0,0,0,0,0,1.0,0.0,0.0,0.0
Juradó - Costa,0,0,0,0,0,0,0,0,0,0,1.0,0.0,0.0,0.0
Guatapé,0,0,0,0,0,0,0,0,0,0,2.0,0.0,50.0,0.0
Distracción,0,0,0,0,0,0,0,1,0,1,0.0,0.0,0.0,0.0
Roncesvalles,1,0,0,0,0,0,0,0,0,1,1.0,33.33,33.33,0.0
Palestina,0,0,0,0,0,1,0,0,0,1,2.0,0.0,50.0,0.0
Génova,0,0,0,0,0,0,0,0,0,0,2.0,25.0,75.0,0.0
Puerto Colombia,0,0,0,0,0,0,0,1,0,1,0.0,0.0,0.0,0.0
Oiba,0,0,0,0,0,0,0,1,0,1,0.0,0.0,0.0,0.0
Armenia,0,0,0,0,0,0,0,0,0,0,3.0,0.0,33.33,0.0
Sasaima,0,0,0,0,0,0,0,0,0,0,3.0,0.0,92.31,0.0
Palocabildo,0,0,0,0,0,0,0,0,1,1,0.0,0.0,0.0,0.0
Ciénaga de Oro,0,0,0,0,0,0,0,0,0,0,1.0,50.0,50.0,0.0
Falan,0,0,0,0,0,0,0,0,1,1,0.0,0.0,0.0,0.0
Belmira,1,0,0,0,0,0,0,0,0,1,3.0,38.46,0.0,0.0
Marinilla,0,0,0,0,0,0,0,0,0,0,2.0,50.0,50.0,0.0
Belalcazar,0,0,0,0,0,0,0,0,0,0,1.0,0.0,0.0,0.0
La Calera,0,0,0,0,0,0,0,0,0,0,2.0,71.43,14.29,0.0
Paratebueno,1,0,0,0,0,0,0,0,0,1,1.0,0.0,0.0,0.0
Envigado,0,0,0,0,0,0,0,0,0,0,2.0,50.0,50.0,0.0
Pijao,0,0,0,0,0,0,0,0,0,0,3.0,25.0,50.0,0.0
Pueblo Nuevo,0,0,0,0,0,0,0,0,0,0,2.0,25.0,75.0,0.0
San Pelayo,0,0,0,0,0,0,0,0,0,0,2.0,8.33,91.67,0.0
Puerto Salgar,0,0,0,0,0,0,0,0,0,0,3.0,2.94,97.06,0.0
El Cerrito,0,0,0,0,0,0,0,0,0,0,2.0,67.74,29.03,0.0
Filandia,0,0,0,0,0,0,0,0,0,0,2.0,27.27,36.36,0.0
Aranzazu,0,0,0,0,0,0,0,0,0,0,1.0,50.0,50.0,0.0
Gamarra,0,0,0,0,0,0,0,0,0,0,2.0,0.0,0.0,0.0
Garzón,0,0,0,0,0,0,0,0,0,0,2.0,66.67,33.33,0.0
Cerinza,0,0,0,0,0,0,0,0,0,0,1.0,0.0,0.0,0.0
San Antonio del Tequendama,0,0,0,0,0,0,0,0,0,0,3.0,50.0,50.0,0.0
San José de La Montaña,0,0,0,0,0,0,0,0,0,0,3.0,8.33,91.67,0.0
Calarcá,0,0,0,0,0,0,0,0,0,0,2.0,12.5,50.0,0.0
San Marcos,0,0,0,0,0,0,0,0,0,0,1.0,0.0,50.0,0.0
Canalete,0,0,0,0,0,0,0,0,0,0,1.0,50.0,50.0,0.0
Pacho,2,0,0,0,0,0,0,0,0,2,2.0,33.33,66.67,0.0
Talaigua Nuevo,0,0,0,0,0,0,0,0,0,0,2.0,0.0,0.0,0.0
Tununguá,0,0,0,0,0,0,0,1,0,1,0.0,0.0,0.0,0.0
Tena,0,0,0,0,0,0,0,0,0,0,2.0,50.0,50.0,0.0
Suaza,0,0,0,0,0,0,0,1,0,1,0.0,0.0,0.0,0.0
Pinchote,0,0,0,0,0,1,0,0,1,2,0.0,0.0,0.0,0.0
La Victoria,0,0,0,0,0,0,0,0,0,0,1.0,50.0,50.0,0.0
Los Córdobas,0,0,0,0,0,0,0,0,0,0,1.0,50.0,50.0,0.0
Chiscas,0,0,0,0,0,0,0,1,0,1,0.0,0.0,0.0,0.0
Santa Isabel,1,0,0,0,0,0,0,0,0,1,2.0,50.0,0.0,0.0
Sibundoy,0,0,0,0,0,0,0,0,0,0,2.0,54.55,36.36,0.0
Guaduas,1,0,0,0,0,0,0,0,0,1,3.0,25.0,75.0,0.0
Muzo,0,0,0,0,0,0,0,0,1,1,0.0,0.0,0.0,0.0
Cómbita,0,0,0,0,0,0,0,1,0,1,0.0,0.0,0.0,0.0
San Miguel de Sema,0,0,0,0,0,0,0,0,1,1,0.0,0.0,0.0,0.0
San Vicente,1,0,0,0,0,0,0,0,0,1,3.0,25.0,75.0,0.0
La Plata,4,0,0,0,0,0,0,0,0,4,2.0,40.0,60.0,0.0
San Carlos de Guaroa,2,0,0,0,0,0,0,0,1,3,0.0,0.0,0.0,0.0
Armero,1,0,0,0,0,0,0,0,1,2,0.0,0.0,0.0,0.0
Confines,1,0,0,0,0,1,1,0,0,3,0.0,0.0,0.0,0.0
Molagavita,1,0,0,0,0,0,0,1,0,2,0.0,0.0,0.0,0.0
Líbano,1,0,0,0,0,0,0,0,1,2,0.0,0.0,0.0,0.0
Cajamarca,0,0,0,0,0,0,0,0,0,0,3.0,19.57,80.43,0.0
Castilla La Nueva,2,0,0,0,0,0,0,1,0,3,0.0,0.0,0.0,0.0
Chivor,3,0,0,0,0,0,0,0,1,4,0.0,0.0,0.0,0.0
Tota,0,0,0,0,0,0,0,0,0,0,1.0,0.0,0.0,0.0
Tolú,0,0,0,0,0,0,0,0,0,0,2.0,33.33,66.67,0.0
San Antero,3,0,0,0,0,0,0,1,0,4,0.0,0.0,0.0,0.0
Mongua,6,0,0,0,0,0,0,0,1,7,0.0,0.0,0.0,0.0
Villavicencio,9,0,0,0,0,0,0,0,0,9,2.0,50.0,50.0,0.0
Jardín,0,0,0,0,0,0,0,0,0,0,3.0,77.78,22.22,0.0
Viterbo,0,0,0,0,0,0,0,0,0,0,1.0,0.0,0.0,0.0
