municipio,riqueza_palmas,bosque_pct,agro_pct,alertas_2017,alertas_2018,alertas_2019,alertas_2020,alertas_2021,alertas_2022,alertas_2023,alertas_2024,alertas_2025,alertas_total
San Francisco,10,54.05,45.95,2,0,6,45,25,50,47,7,45,227
Acandí,9,83.33,16.67,34,51,45,29,37,28,49,114,100,487
El Carmen,8,76.19,23.81,31,14,62,34,23,644,239,135,147,1329
San Luis,8,64.52,32.26,3,0,7,21,26,38,15,18,27,155
San Carlos,8,81.82,18.18,6,0,7,9,21,31,32,14,40,160
Sonsón,7,71.43,21.43,4,0,0,38,38,18,13,18,22,151
Cali,7,39.87,37.97,2,0,0,0,0,0,1,0,0,3
Cimitarra,7,63.33,36.67,14,0,10,7,4,119,157,105,145,561
Medellín,7,30.0,40.0,0,0,0,0,0,0,5,13,0,18
Puerto Nare,6,33.33,66.67,2,0,2,5,3,15,10,13,19,69
Norcasia,6,5.88,94.12,1,0,0,0,5,0,1,2,0,9
San Vicente de Chucurí,6,85.71,14.29,4,4,14,4,9,103,139,160,90,527
Ríosucio,6,31.91,68.09,263,640,286,497,294,591,697,631,522,4421
Manizales,6,47.37,36.84,0,0,0,0,0,0,0,0,0,0
Carmen de Viboral,6,100.0,0.0,0,0,0,0,5,0,7,0,0,12
Amalfi,6,53.85,46.15,9,14,23,78,24,98,161,60,104,571
Anorí,6,71.43,28.57,52,50,52,99,28,113,70,62,79,605
Bucaramanga,5,16.67,50.0,0,1,0,0,0,0,0,2,0,3
Puerto Boyacá,5,10.53,89.47,0,0,5,5,5,3,8,15,21,62
Salento,5,39.82,52.21,1,0,0,0,0,0,0,0,0,1
Tona,5,84.21,15.79,1,0,1,0,0,2,0,0,0,4
Barrancabermeja,4,51.35,45.95,9,0,2,1,3,81,45,37,33,211
Arcabuco,4,57.14,42.86,0,0,0,0,0,0,0,0,0,0
Tuluá,4,28.57,71.43,2,5,0,0,0,0,0,0,26,33
Bello,4,35.29,47.06,1,0,0,0,0,0,1,0,0,2
"Bogotá, D.C.",4,21.15,21.15,0,0,0,0,0,0,0,0,0,0
Palmira,4,33.33,66.67,0,0,0,0,0,0,0,0,0,0
Toledo,4,80.0,20.0,7,2,1,0,15,29,7,39,20,120
Támesis,4,50.0,50.0,0,0,0,0,0,0,0,0,0,0
Turbaco,4,0.0,58.33,0,0,0,0,0,0,0,0,0,0
Puerto Triunfo,4,18.6,81.4,0,0,1,0,0,2,1,0,1,5
Ríonegro,4,28.57,57.14,1,3,6,3,5,68,93,36,34,249
Cantagallo,4,100.0,0.0,19,57,120,163,87,119,96,61,81,803
Santa Rosa de Cabal,4,57.97,15.94,0,0,0,0,1,0,0,0,0,1
Pereira,4,53.66,14.63,2,0,0,0,0,0,0,0,0,2
Girón,4,20.0,40.0,0,0,2,0,5,15,27,23,20,92
La Dorada,4,11.11,88.89,4,2,2,0,4,0,1,0,0,13
Guarne,4,16.67,66.67,0,0,0,0,0,0,0,0,0,0
Santa Bárbara,4,62.5,0.0,9,4,12,25,26,115,41,36,56,324
Santa Rosa de Osos,4,60.0,40.0,4,0,0,0,0,0,0,0,0,4
Suaita,4,81.25,18.75,1,0,0,0,1,2,0,0,1,5
San José de La Montaña,3,8.33,91.67,0,0,0,0,0,0,0,0,0,0
Granada,3,0.0,80.0,0,0,0,0,0,0,1,4,0,5
Frontino,3,42.86,57.14,116,91,10,2,2,45,37,26,68,397
Pijao,3,25.0,50.0,0,0,0,0,0,0,0,0,0,0
Betulia,3,71.43,28.57,1,0,3,0,4,13,24,28,18,91
Zapatoca,3,22.22,22.22,0,0,1,0,2,2,4,3,4,16
Unguía,3,75.0,25.0,51,69,87,61,101,81,143,113,90,796
Tumaco,3,11.11,66.67,209,42,22,20,13,82,206,99,59,752
Armenia,3,0.0,33.33,0,0,0,0,0,0,0,0,0,0
San Juanito,3,86.49,13.51,0,0,0,0,0,0,0,0,0,0
Puerto Salgar,3,2.94,97.06,0,0,0,0,0,0,0,0,0,0
Gámbita,3,28.57,42.86,4,0,0,0,3,6,0,2,2,17
Guaduas,3,25.0,75.0,1,0,0,0,0,0,0,0,0,1
Agustín Codazzi,3,60.0,20.0,10,12,26,14,0,1,24,12,9,108
Yarumal,3,0.0,100.0,0,0,0,0,0,0,1,0,0,1
La Vega,3,66.67,33.33,1,0,1,0,0,0,1,0,0,3
Turbo,3,6.52,89.13,2,0,7,6,0,8,17,5,3,48
Tierralta,3,44.44,55.56,378,415,97,101,129,443,200,326,830,2919
Bahía Solano,3,66.67,0.0,38,58,18,12,2,7,6,18,4,163
Belmira,3,38.46,0.0,1,0,0,0,0,0,0,0,0,1
San Antonio del Tequendama,3,50.0,50.0,0,0,0,0,0,0,0,0,0,0
Chaguaní,3,100.0,0.0,0,0,0,0,0,0,0,0,0,0
Puerto Parra,3,16.67,75.0,11,0,3,8,4,21,59,32,51,189
San Pedro de Urabá,3,77.78,22.22,0,0,1,2,0,0,0,0,0,3
Circasia,3,0.0,100.0,0,0,0,0,0,0,0,0,0,0
Santiago,3,80.0,20.0,0,0,0,1,1,11,11,16,18,58
San Vicente,3,25.0,75.0,1,0,0,0,0,0,0,0,0,1
Sahagún,3,0.0,100.0,0,0,0,0,0,0,0,0,0,0
San Agustín,3,100.0,0.0,1,0,0,1,0,0,0,0,0,2
Cajamarca,3,19.57,80.43,0,0,0,0,0,0,0,0,0,0
Sasaima,3,0.0,92.31,0,0,0,0,0,0,0,0,0,0
Puerto López,3,33.33,66.67,14,0,9,0,0,0,0,0,0,23
Villanueva,3,54.55,45.45,1,0,0,0,0,0,1,5,0,7
Jardín,3,77.78,22.22,0,0,0,0,0,0,0,0,0,0
Montelíbano,3,36.36,63.64,32,36,18,14,38,200,192,84,140,754
Juradó,3,100.0,0.0,11,134,31,50,22,69,128,86,10,541
Victoria,2,100.0,0.0,2,0,0,0,3,0,4,0,0,9
Tena,2,50.0,50.0,0,0,0,0,0,0,0,0,0,0
Tauramena,2,97.96,2.04,6,0,0,0,0,1,0,3,7,17
Trujillo,2,100.0,0.0,1,8,0,1,0,0,2,0,0,12
Tolú,2,33.33,66.67,0,0,0,0,0,0,0,0,0,0
Arauquita,2,16.67,83.33,32,15,42,28,4,22,53,48,273,517
Argelia,2,50.0,50.0,26,20,13,15,1,26,36,0,14,151
Turbana,2,0.0,100.0,0,0,0,0,0,0,1,1,0,2
Barbacoas,2,100.0,0.0,95,34,23,32,10,101,124,26,24,469
Vianí,2,0.0,100.0,1,0,0,0,0,0,0,0,0,1
Venecia,2,0.0,100.0,0,0,0,0,0,0,1,7,0,8
San Pablo,2,66.67,33.33,24,53,57,132,43,70,96,95,77,647
San Pelayo,2,8.33,91.67,0,0,0,0,0,0,0,0,0,0
Chimichagua,2,57.14,35.71,0,1,4,1,0,1,28,0,8,43
Santa Isabel,2,50.0,0.0,1,0,0,0,0,0,0,0,0,1
Chigorodó,2,0.0,100.0,5,192,3,1,0,6,2,2,17,228
Caucasia,2,0.0,66.67,3,5,5,0,2,9,3,4,5,36
Puerto Wilches,2,5.88,0.0,5,0,0,0,0,8,33,30,65,141
Retiro,2,0.0,100.0,2,0,0,3,0,4,5,9,0,23
El Bagre,2,33.33,0.0,59,80,50,106,24,124,92,293,608,1436
El Cerrito,2,67.74,29.03,0,0,0,0,0,0,0,0,0,0
Samaná,2,100.0,0.0,1,0,4,6,32,2,4,2,0,51
Envigado,2,50.0,50.0,0,0,0,0,0,0,0,0,0,0
El Tambo,2,100.0,0.0,121,38,34,114,3,43,41,5,23,422
San Luis de Palenque,2,91.67,8.33,4,0,0,0,0,0,0,25,15,44
San José de Uré,2,33.33,66.67,5,6,1,0,9,58,7,5,5,96
San José del Guaviare,2,100.0,0.0,909,1721,1675,1402,1055,676,1086,2198,2466,13188
San Juan Nepomuceno,2,100.0,0.0,0,78,87,49,19,21,80,33,27,394
Dibulla,2,50.0,50.0,101,102,109,65,25,5,170,11,35,623
Copacabana,2,0.0,100.0,0,0,0,0,0,0,0,0,0,0
Curumaní,2,8.33,91.67,4,14,24,2,0,2,32,10,18,106
Dagua,2,33.33,33.33,13,20,1,0,1,19,18,7,15,94
Cocorná,2,27.27,72.73,0,0,0,0,0,0,1,0,0,1
San Onofre,2,1.15,98.85,0,32,30,12,14,18,82,16,29,233
Segovia,2,0.0,50.0,103,162,74,102,38,183,278,278,294,1512
Sibundoy,2,54.55,36.36,0,0,0,0,0,0,0,0,0,0
Calarcá,2,12.5,50.0,0,0,0,0,0,0,0,0,0,0
Talaigua Nuevo,2,0.0,0.0,0,0,0,0,0,0,0,0,0,0
Supia,2,0.0,100.0,0,0,0,0,0,0,0,0,0,0
Carepa,2,0.0,95.65,0,1,0,0,0,0,1,1,0,3
Sevilla,2,0.0,100.0,0,4,1,0,2,0,0,0,0,7
Santa Marta,2,86.96,13.04,227,365,281,273,79,23,264,18,239,1769
Santa Rosa,2,33.33,33.33,30,7,0,39,40,205,34,36,32,423
Pitalito,2,100.0,0.0,0,0,0,0,0,4,0,0,0,4
Filandia,2,27.27,36.36,0,0,0,0,0,0,0,0,0,0
Pore,2,50.0,50.0,1,0,1,0,0,0,0,4,13,19
Pueblo Nuevo,2,25.0,75.0,0,0,0,0,0,0,0,0,0,0
Puerto Gaitán,2,100.0,0.0,43,6,10,14,1,39,178,258,93,642
Puerto Libertador,2,0.0,100.0,45,38,8,0,30,101,27,16,94,359
Pajarito,2,50.0,50.0,0,0,0,0,0,0,0,0,3,3
Palestina,2,0.0,50.0,0,0,0,0,0,1,0,0,0,1
Guatapé,2,0.0,50.0,0,0,0,0,0,0,0,0,0,0
Guasca,2,100.0,0.0,0,0,0,0,0,0,0,0,0,0
Pasto,2,75.0,25.0,4,0,0,0,0,23,0,0,2,29
Hato Corozal,2,63.16,36.84,15,3,5,0,0,1,5,20,41,90
Hato,2,100.0,0.0,2,0,0,0,0,0,0,2,0,4
Génova,2,25.0,75.0,0,0,0,0,0,0,0,0,0,0
Paz de Ariporo,2,66.67,33.33,26,0,0,0,0,0,0,11,14,51
Piedecuesta,2,50.0,50.0,0,0,0,0,0,1,1,1,1,4
Garagoa,2,40.0,40.0,0,0,0,0,0,0,0,0,0,0
Garzón,2,66.67,33.33,0,0,0,0,0,0,0,0,0,0
Gamarra,2,0.0,0.0,0,0,0,0,0,0,0,0,0,0
Florencia,2,100.0,0.0,75,4,29,1,38,109,211,106,46,619
Mutatá,2,25.0,75.0,76,138,31,9,2,24,18,1,13,312
Pacho,2,33.33,66.67,2,0,0,0,0,0,0,0,0,2
Mistrató,2,100.0,0.0,0,1,2,0,1,0,2,0,4,10
Montenegro,2,0.0,100.0,0,0,0,0,0,0,0,0,0,0
Isnos,2,100.0,0.0,0,0,0,0,0,0,0,1,0,1
Mosquera,2,0.0,100.0,0,2,3,0,5,1,4,0,0,15
Jericó,2,0.0,100.0,0,0,0,0,0,1,2,0,0,3
Nechí,2,0.0,0.0,20,8,4,21,5,64,14,13,57,206
La Calera,2,71.43,14.29,0,0,0,0,0,0,0,0,0,0
Junín,2,90.0,0.0,4,0,0,0,0,0,0,0,0,4
Yondó,2,100.0,0.0,44,54,48,53,10,81,183,88,142,703
Yopal,2,60.87,39.13,4,0,0,0,1,0,0,3,2,10
La Plata,2,40.0,60.0,4,0,0,0,0,0,0,0,0,4
Lebrija,2,50.0,50.0,3,2,7,2,1,28,66,22,27,158
Marinilla,2,50.0,50.0,0,0,0,0,0,0,0,0,0,0
Villavicencio,2,50.0,50.0,9,0,0,0,0,0,0,0,0,9
Villa de Leiva,2,0.0,80.0,0,0,0,0,0,0,0,0,0,0
Andes,2,50.0,50.0,0,0,0,0,0,0,3,0,0,3
Acevedo,1,100.0,0.0,7,0,0,0,0,2,0,0,0,9
Aguazul,1,100.0,0.0,1,0,0,0,0,2,0,9,7,19
Amagá,1,0.0,100.0,0,0,0,1,0,0,2,0,0,3
Andalucía,1,0.0,100.0,0,0,0,0,0,0,0,0,0,0
Angostura,1,0.0,100.0,3,0,0,0,0,0,0,0,0,3
Ansermanuevo,1,100.0,0.0,0,0,0,0,0,0,0,0,0,0
Anzoátegui,1,0.0,100.0,2,0,0,1,0,0,0,0,5,8
Apartadó,1,0.0,100.0,1,0,6,4,0,11,9,3,0,34
Aranzazu,1,50.0,50.0,0,0,0,0,0,0,0,0,0,0
Aratoca,1,0.0,100.0,0,0,0,0,0,0,0,0,0,0
Arauca,1,100.0,0.0,1,9,15,1,1,9,1,3,211,251
Vigía del Fuerte,1,100.0,0.0,50,146,0,3,1,23,9,3,5,240
Vijes,1,0.0,100.0,0,0,0,0,0,0,0,0,0,0
Villa Caro,1,100.0,0.0,0,0,0,0,1,0,2,3,0,6
Villamaría,1,40.0,60.0,0,0,0,0,0,0,0,2,0,2
Villeta,1,0.0,100.0,0,0,0,0,2,0,0,0,0,2
Vistahermosa,1,0.0,100.0,160,449,275,498,467,360,232,1797,1071,5309
Viterbo,1,0.0,0.0,0,0,0,0,0,0,0,0,0,0
Vélez,1,100.0,0.0,0,0,0,1,2,30,36,14,4,87
Yalí,1,100.0,0.0,1,0,6,0,9,8,71,11,51,157
Yotoco,1,0.0,0.0,0,0,0,0,0,0,1,0,0,1
La Paz,1,100.0,0.0,6,12,19,9,3,46,23,18,15,151
La Peña,1,0.0,100.0,0,0,0,0,4,0,0,0,0,4
La Primavera,1,100.0,0.0,0,0,2,0,0,0,0,0,0,2
La Tebaida,1,0.0,100.0,0,0,0,0,0,0,0,0,0,0
La Victoria,1,50.0,50.0,0,0,0,0,0,0,0,0,0,0
Landázuri,1,0.0,100.0,4,0,2,5,4,39,37,12,20,123
Liborina,1,100.0,0.0,1,0,0,0,0,1,0,0,0,2
Los Andes,1,0.0,100.0,5,0,3,2,1,7,2,0,0,20
Los Córdobas,1,50.0,50.0,0,0,0,0,0,0,0,0,0,0
Maceo,1,100.0,0.0,0,0,0,0,0,2,10,3,2,17
Madrid,1,0.0,100.0,0,0,0,0,0,0,0,0,0,0
Manaure Balcón del Cesar,1,100.0,0.0,0,1,1,3,0,0,0,3,0,8
Maní,1,0.0,0.0,3,0,0,0,0,0,0,4,6,13
Mariquita,1,0.0,33.33,0,0,0,1,0,0,0,0,3,4
Marmato,1,100.0,0.0,0,0,0,0,0,0,0,0,0,0
Marulanda,1,100.0,0.0,0,0,0,0,0,0,0,0,0,0
María La Baja,1,0.0,100.0,0,17,20,17,8,0,24,3,3,92
Miraflores,1,0.0,100.0,141,119,298,225,260,188,347,459,776,2813
Mocoa,1,100.0,0.0,14,13,91,46,72,122,78,99,196,731
Momil,1,0.0,100.0,0,0,0,0,0,0,0,0,0,0
Moniquirá,1,0.0,100.0,1,0,0,0,0,0,0,0,0,1
Montería,1,0.0,100.0,0,0,0,0,0,0,0,2,0,2
Ibagué,1,49.35,44.16,3,0,0,0,2,0,0,0,5,10
Inzá,1,100.0,0.0,1,0,0,0,0,0,0,0,0,1
Jamundí,1,0.0,100.0,0,1,0,0,0,0,4,5,0,10
Juradó - Costa,1,0.0,0.0,0,0,0,0,0,0,0,0,0,0
La Ceja,1,0.0,100.0,1,0,0,0,0,0,1,0,0,2
La Cumbre,1,100.0,0.0,0,0,0,0,0,0,1,0,0,1
La Estrella,1,0.0,100.0,0,0,0,0,0,0,1,0,0,1
La Jagua de Ibirico,1,0.0,100.0,10,5,9,1,0,0,14,4,7,50
La Jagua del Pilar,1,100.0,0.0,0,2,2,0,0,0,2,0,4,10
Murillo,1,0.0,100.0,5,0,0,0,0,0,0,0,0,5
Nariño,1,100.0,0.0,2,0,2,0,0,0,2,0,0,6
Necoclí,1,0.0,100.0,0,0,5,0,0,2,1,0,0,8
Neira,1,100.0,0.0,0,0,0,0,0,0,0,0,3,3
Nocaima,1,100.0,0.0,0,0,0,0,0,0,0,0,0,0
Norosí,1,0.0,0.0,6,3,40,9,11,40,55,65,15,244
Nunchía,1,100.0,0.0,3,0,0,0,0,1,0,0,1,5
Orocué,1,0.0,100.0,2,1,1,0,0,0,0,4,12,20
Pachavita,1,0.0,100.0,0,0,0,0,0,0,0,0,0,0
Guaca,1,0.0,100.0,0,0,0,0,0,0,0,0,0,0
Guacarí,1,0.0,100.0,1,0,0,0,0,0,0,0,0,1
Guadalupe,1,0.0,100.0,0,0,0,0,0,0,0,2,0,2
Guapi,1,0.0,100.0,10,16,16,32,32,174,29,7,26,342
Guayabal de Síquima,1,0.0,100.0,0,0,0,0,0,0,0,0,0,0
Guayabetal,1,100.0,0.0,1,0,0,0,0,0,0,0,0,1
Guática,1,0.0,100.0,0,0,0,0,0,0,0,0,0,0
Herrán,1,0.0,100.0,0,0,0,0,0,0,0,0,0,0
Paratebueno,1,0.0,0.0,1,0,0,0,0,0,0,0,0,1
Pasca,1,0.0,100.0,0,0,0,0,0,0,0,0,0,0
Paya,1,100.0,0.0,6,0,1,0,0,3,0,0,4,14
Pedraza,1,0.0,0.0,0,0,0,0,0,0,4,0,0,4
Pensilvania,1,100.0,0.0,1,0,0,0,0,0,2,2,17,22
Peque,1,57.14,28.57,0,0,0,2,0,0,1,1,0,4
Pesca,1,0.0,100.0,0,0,0,0,0,0,0,0,1,1
Piojó,1,0.0,100.0,0,0,1,0,0,5,0,0,0,6
Pivijay,1,33.33,66.67,0,0,0,0,0,0,0,8,0,8
Planadas,1,100.0,0.0,6,0,0,6,0,0,0,0,4,16
Facatativá,1,100.0,0.0,0,0,0,0,0,0,0,0,0,0
Filadelfia,1,0.0,100.0,1,0,0,0,0,0,0,0,0,1
Floridablanca,1,100.0,0.0,0,0,0,0,0,2,0,0,0,2
Funza,1,0.0,100.0,0,0,0,0,0,0,0,0,0,0
Fusagasugá,1,0.0,100.0,0,0,0,0,0,0,0,0,0,0
Gachalá,1,0.0,100.0,13,0,0,0,0,0,0,0,0,13
Galeras,1,0.0,100.0,0,0,0,0,0,0,0,0,0,0
Girardota,1,0.0,100.0,1,0,0,0,0,0,0,0,0,1
Providencia y Santa Catalina,1,86.96,8.7,0,0,0,0,0,0,0,0,0,0
Providencia y Santa Catalina - Costa,1,100.0,0.0,0,0,0,0,0,0,0,0,0,0
Puebloviejo,1,100.0,0.0,0,0,0,0,0,0,0,0,0,0
Puerto Asís,1,100.0,0.0,251,91,460,670,419,869,530,210,288,3788
Puerto Leguízamo,1,0.0,100.0,259,134,519,812,500,622,455,780,766,4847
Quebradanegra,1,0.0,100.0,0,0,0,0,1,0,0,0,0,1
Quimbaya,1,0.0,100.0,0,0,0,0,0,0,0,0,0,0
Quinchía,1,0.0,100.0,0,0,0,0,0,0,0,0,0,0
Restrepo,1,100.0,0.0,3,0,0,0,0,0,0,0,0,3
Ricaurte,1,100.0,0.0,13,24,6,2,2,32,136,31,17,263
Rio Quito,1,100.0,0.0,117,116,10,3,3,27,32,21,20,349
Rio de Oro,1,80.0,20.0,0,0,0,0,0,1,2,0,0,3
Roncesvalles,1,33.33,33.33,1,0,0,0,0,0,0,0,0,1
Rondón,1,0.0,100.0,0,0,0,0,0,0,0,0,0,0
Rovira,1,100.0,0.0,0,0,0,1,0,0,0,0,2,3
Ríofrío,1,20.0,80.0,1,3,0,0,0,0,2,0,2,8
Sabana de Torres,1,75.0,25.0,10,2,16,8,8,132,232,222,162,792
Saboyá,1,0.0,100.0,0,0,1,0,0,0,0,0,0,1
ETI Bajo Río Caquetá,1,75.0,25.0,0,0,7,68,3,10,60,30,27,205
ETI Yaigojé Apaporis,1,100.0,0.0,0,0,14,224,53,30,125,80,53,579
Ebéjico,1,0.0,100.0,0,0,0,0,0,0,0,0,0,0
El Banco,1,0.0,100.0,0,0,0,0,0,0,0,0,0,0
El Cairo,1,0.0,100.0,0,0,0,1,0,0,0,0,1,2
El Carmen de Bolívar,1,0.0,100.0,0,160,110,108,22,121,343,72,37,973
El Dovio,1,0.0,0.0,0,0,0,1,0,0,1,0,0,2
El Guamo,1,0.0,0.0,0,2,4,5,8,14,45,19,67,164
El Litoral del San Juán,1,100.0,0.0,49,14,8,6,7,15,28,18,9,154
El Peñón,1,100.0,0.0,1,0,12,3,9,26,40,31,33,155
El Rosal,1,0.0,100.0,0,0,0,0,0,0,0,0,0,0
Saladoblanco,1,0.0,100.0,0,0,0,0,0,0,0,0,0,0
Salamina,1,33.33,66.67,1,0,0,0,0,0,0,0,0,1
Salgar,1,0.0,100.0,0,2,0,0,1,2,6,0,0,11
San Alberto,1,50.0,50.0,0,6,6,1,1,2,6,27,2,51
San Andrés,1,0.0,100.0,0,0,0,0,0,1,1,1,0,3
San Benito Abad,1,0.0,100.0,0,0,0,0,0,0,0,0,0,0
San Cayetano,1,0.0,100.0,1,0,0,0,0,3,16,3,9,32
San Jacinto,1,60.0,20.0,1,61,116,29,5,61,104,32,75,484
San Jacinto del Cauca,1,0.0,100.0,9,4,2,6,8,13,11,5,16,74
Colombia,1,100.0,0.0,10,1,0,0,1,0,0,0,0,12
Colosó,1,100.0,0.0,3,8,7,2,3,7,28,5,9,72
Concordia,1,100.0,0.0,0,0,0,0,0,1,1,0,0,2
Consacá,1,100.0,0.0,5,0,0,0,0,0,0,0,0,5
Cota,1,0.0,100.0,0,0,0,0,0,0,0,0,0,0
Cravo Norte,1,100.0,0.0,4,0,1,1,0,0,0,0,0,6
Cubará,1,100.0,0.0,3,0,4,0,1,7,18,38,52,123
Cáceres,1,100.0,0.0,40,91,79,34,10,187,46,23,39,549
Cáchira,1,0.0,100.0,3,1,0,0,6,33,51,17,34,145
Córdoba,1,66.67,33.33,0,0,0,0,0,5,16,2,6,29
Duitama,1,100.0,0.0,0,0,0,0,0,0,0,6,0,6
San José del Palmar,1,100.0,0.0,3,47,13,8,19,47,34,38,25,234
San Marcos,1,0.0,50.0,0,0,0,0,0,0,0,0,0,0
San Martín,1,0.0,100.0,23,4,32,2,2,18,14,1,5,101
San Martín de Loba,1,0.0,0.0,0,0,67,1,6,2,68,4,2,150
Cereté,1,0.0,100.0,0,0,0,0,0,0,0,0,0,0
Cerinza,1,0.0,0.0,0,0,0,0,0,0,0,0,0,0
Chalán,1,100.0,0.0,1,5,4,3,4,1,29,4,9,60
Chaparral,1,100.0,0.0,1,0,3,0,0,1,0,0,39,44
Charalá,1,100.0,0.0,1,0,0,0,0,4,4,6,0,15
Chima,1,0.0,100.0,0,0,0,0,0,0,0,2,1,3
Chinavita,1,0.0,100.0,0,0,0,0,0,0,0,0,0,0
Chinú,1,0.0,100.0,0,0,0,0,0,0,0,0,0,0
Ciénaga,1,90.91,0.0,45,47,85,61,11,17,57,7,42,372
Ciénaga de Oro,1,50.0,50.0,0,0,0,0,0,0,0,0,0,0
Santa Rosa del Sur,1,100.0,0.0,26,49,15,118,22,152,120,81,267,850
Santo Domingo,1,0.0,100.0,0,0,2,0,1,0,0,0,0,3
Santuario,1,0.0,100.0,0,0,0,0,0,0,1,0,0,1
Silvania,1,0.0,100.0,1,0,0,0,0,0,0,0,0,1
Caicedonia,1,100.0,0.0,0,0,0,0,0,0,0,0,0,0
Calima,1,50.0,50.0,2,0,0,0,1,8,1,2,7,21
Campohermoso,1,100.0,0.0,0,0,0,1,0,0,0,0,1,2
Canalete,1,50.0,50.0,0,0,0,0,0,0,0,0,0,0
Caparrapí,1,50.0,50.0,0,0,0,0,1,0,0,3,0,4
Caramanta,1,33.33,66.67,0,0,0,0,0,0,0,0,0,0
Carmen del Darién,1,100.0,0.0,125,295,50,67,48,111,79,55,177,1007
Carolina,1,0.0,100.0,0,0,0,0,0,0,0,0,0,0
Cartagena de Indias,1,100.0,0.0,0,0,0,1,0,9,0,1,5,16
Cartago,1,0.0,100.0,0,0,0,0,0,0,0,0,0,0
Simacota,1,50.0,50.0,7,2,2,2,5,78,106,75,64,341
Sincelejo,1,60.0,40.0,0,0,0,2,0,0,0,0,0,2
Sincé,1,0.0,100.0,0,0,0,0,0,0,0,0,0,0
Sipí,1,100.0,0.0,6,1,8,6,5,62,34,20,11,153
Soacha,1,0.0,100.0,0,0,0,0,0,0,0,0,0,0
Soatá,1,0.0,100.0,0,0,0,0,0,0,0,0,0,0
Sotaquirá,1,100.0,0.0,0,0,0,0,0,4,0,0,0,4
Subachoque,1,100.0,0.0,0,0,0,0,0,0,0,0,0,0
Supatá,1,0.0,100.0,0,0,0,0,0,0,0,0,0,0
Suratá,1,100.0,0.0,0,0,0,0,0,2,3,0,1,6
Tame,1,100.0,0.0,16,3,13,22,15,10,12,25,164,280
Tarazá,1,0.0,100.0,82,61,18,7,7,88,30,25,9,327
Belén de Los Andaquíes,1,0.0,100.0,34,15,123,17,27,56,42,57,55,426
Betania,1,100.0,0.0,0,0,0,0,0,0,2,0,0,2
Bochalema,1,100.0,0.0,1,0,0,0,0,4,1,2,0,8
Bojacá,1,0.0,100.0,0,0,0,0,0,0,0,0,0,0
Bolívar,1,100.0,0.0,6,2,22,39,27,120,113,80,164,573
Boyacá,1,0.0,0.0,0,0,0,0,0,0,0,0,0,0
Buenaventura,1,100.0,0.0,63,24,5,18,28,152,136,51,63,540
Buenavista,1,0.0,100.0,0,0,0,0,1,0,0,0,0,1
Buga,1,50.0,41.67,0,0,0,0,0,0,0,0,0,0
Bugalagrande,1,0.0,100.0,0,11,0,0,0,0,0,0,0,11
Caicedo,1,100.0,0.0,0,0,1,2,0,0,2,0,0,5
Tarqui,1,0.0,100.0,0,0,0,0,0,0,0,0,0,0
Tenerife,1,50.0,0.0,0,0,4,1,0,0,2,0,0,7
Tenjo,1,0.0,100.0,1,0,0,0,0,0,0,0,0,1
Tibú,1,0.0,0.0,518,935,1912,1581,1063,1045,2173,1880,1550,12657
Tiquisio,1,0.0,100.0,2,0,36,25,18,28,139,37,6,291
Tocaima,1,0.0,100.0,0,0,0,0,0,0,0,0,0,0
Toluviejo,1,0.0,100.0,0,1,1,0,0,7,7,2,0,18
Tota,1,0.0,0.0,0,0,0,0,0,0,0,0,0,0
Arboledas,1,100.0,0.0,0,0,2,0,2,9,9,6,1,29
Arboletes,1,0.0,100.0,0,0,2,0,0,0,0,0,0,2
Ayapel,1,0.0,100.0,0,0,0,0,0,1,0,0,0,1
Bajo Baudó,1,100.0,0.0,94,244,49,39,21,16,152,26,43,684
Balboa,1,50.0,50.0,3,0,1,0,0,0,1,1,7,13
Barbosa,1,0.0,100.0,0,0,0,0,0,0,0,0,0,0
Barranca de Upía,1,60.0,20.0,0,0,1,0,0,0,0,0,0,1
Becerril,1,0.0,100.0,14,0,1,1,2,0,11,2,1,32
Belalcazar,1,0.0,0.0,0,0,0,0,0,0,0,0,0,0
Támara,1,50.0,50.0,11,2,3,0,6,8,14,0,90,134
Ulloa,1,0.0,100.0,0,0,0,0,0,0,0,0,0,0
Unión Panamericana,1,0.0,0.0,11,4,0,0,1,12,19,0,5,52
Uribe,1,100.0,0.0,282,466,248,135,321,288,210,1942,1471,5363
Urrao,1,25.0,75.0,131,14,13,1,0,50,38,77,177,501
Valledupar,1,100.0,0.0,98,129,52,47,10,73,84,89,48,630
Vergara,1,0.0,100.0,1,0,0,0,0,0,0,0,0,1
Yumbo,1,0.0,100.0,0,0,0,0,0,0,0,0,0,0
Abejorral,1,100.0,0.0,0,0,0,0,0,0,3,0,0,3
Zaragoza,1,100.0,0.0,49,116,74,77,25,131,82,129,210,893
Zona Bananera,1,90.0,10.0,0,0,1,0,0,0,0,2,1,4
Área en Litigio,1,0.0,100.0,0,0,0,0,0,0,0,0,0,0
