NOMBRE CIENTIFICO,nombre_vernaculo,genero,familia,estado_amenaza,total_ocurrencias,primer_registro,ultimo_registro,años_monitoreados,edad_ultimo_registro,registros_recientes,porcentaje_recientes,departamentos,municipios,instituciones,datasets,posibles_duplicados,porcentaje_duplicados,registros_inaturalist,porcentaje_inaturalist,human_observation,preserved_specimen,living_specimen,machine_observation
Ceroxylon quindiuense,Palma de cera del Quindío,Ceroxylon,Arecaceae,EN,6707,1853,2026,173,0,6631,98.96,16,17,34,21,6137,91.5,371,5.53,6443,162,1,100
Elaeis oleifera,Nolí,Elaeis,Arecaceae,EN,2028,1974,2026,52,0,1846,97.83,19,17,36,24,1100,54.24,21,1.04,1847,43,92,0
Ceroxylon vogelianum,,Ceroxylon,Arecaceae,VU,1101,1940,2025,85,1,1006,91.45,14,4,21,12,1020,92.64,38,3.45,1013,86,1,0
Syagrus sancona,Sarare,Syagrus,Arecaceae,VU,838,1939,2025,86,1,744,97.77,14,9,36,31,593,70.76,30,3.58,735,30,73,0
Astrocaryum malybo,Palma estera,Astrocaryum,Arecaceae,EN,547,1940,2026,86,0,479,89.87,13,12,27,18,452,82.63,5,0.91,458,72,1,2
Ceroxylon alpinum,Palma de cera de la zona cafetera,Ceroxylon,Arecaceae,EN,242,1970,2026,56,0,92,38.02,9,5,16,12,184,76.03,22,9.09,64,176,1,0
Aiphanes lindeniana,,Aiphanes,Arecaceae,EN,206,1940,2025,85,1,66,32.84,14,3,15,12,164,79.61,1,0.49,50,154,0,0
Attalea amygdalina,Táparo del Río Cauca,Attalea,Arecaceae,EN,193,1944,2025,81,1,20,55.56,4,2,8,4,174,90.16,4,2.07,14,172,1,0
Ceroxylon sasaimae,Palma de Cera de Sasaima,Ceroxylon,Arecaceae,EN,171,1945,2026,81,0,57,33.33,5,0,10,7,139,81.29,21,12.28,35,133,2,0
Ceroxylon parvifrons,,Ceroxylon,Arecaceae,VU,131,1941,2026,85,0,87,66.92,14,2,12,8,58,44.27,42,32.06,86,44,1,0
Wettinia hirsuta,Gualte Mazorca,Wettinia,Arecaceae,VU,111,1941,2023,82,3,82,75.23,7,1,18,9,69,62.16,0,0.0,63,47,0,0
Cryosophila kalbreyeri,Palma Escoba,Cryosophila,Arecaceae,VU,99,1926,2025,99,1,35,38.89,7,1,18,7,68,68.69,9,9.09,38,56,0,0
Ceroxylon ceriferum,,Ceroxylon,Arecaceae,EN,90,1946,2026,80,0,64,73.56,3,0,7,6,41,45.56,41,45.56,43,46,1,0
Coccothrinax argentata,Palmicha de Providencia,Coccothrinax,Arecaceae,EN,81,1966,2021,55,5,64,79.01,2,0,4,4,65,80.25,0,0.0,60,20,0,1
Roystonea oleracea,,Roystonea,Arecaceae,CR,75,1997,2024,27,2,71,98.61,7,4,15,16,52,69.33,0,0.0,73,2,0,0
Attalea nucifera,Almendrón,Attalea,Arecaceae,VU,54,1977,2025,48,1,39,76.47,5,3,10,10,36,66.67,2,3.7,6,47,1,0
Wettinia microcarpa,Maquenque | Gualte Mapora,Wettinia,Arecaceae,VU,52,1987,2021,34,5,42,84.0,2,2,5,7,42,80.77,2,3.85,10,40,2,0
Aiphanes parvifolia,Mararay hojipequeño,Aiphanes,Arecaceae,EN,49,1982,2017,35,9,32,68.09,1,0,10,6,36,73.47,0,0.0,5,39,4,0
Hyospathe frontinensis,Guagualín de Frontino,Hyospathe,Arecaceae,VU,47,1983,2017,34,9,21,44.68,2,0,8,6,35,74.47,0,0.0,1,44,0,0
Chamaedorea ricardoi,Molinillo de Ricardo,Chamaedorea,Arecaceae,EN,44,1984,2024,40,2,34,79.07,4,1,12,6,35,79.55,0,0.0,3,37,2,0
Geonoma chlamydostachys,Geonoma del Magdalena,Geonoma,Arecaceae,VU,35,1977,2021,44,5,10,28.57,4,1,11,5,23,65.71,1,2.86,9,24,2,0
Attalea cohune,Mamarrón,Attalea,Arecaceae,EN,31,1977,2021,44,5,26,83.87,6,1,10,5,22,70.97,0,0.0,11,13,7,0
Ceroxylon ventricosum,Palma de cera barrigona,Ceroxylon,Arecaceae,EN,30,2000,2024,24,2,29,96.67,5,0,8,2,27,90.0,1,3.33,23,7,0,0
Reinhardtia koschnyana,Coquito enano,Reinhardtia,Arecaceae,CR,28,1961,2025,64,1,7,25.0,3,0,7,5,14,50.0,4,14.29,12,16,0,0
Geonoma santanderensis,Geonoma de Santander,Geonoma,Arecaceae,VU,24,1996,2018,22,8,12,50.0,2,3,8,4,18,75.0,0,0.0,0,21,3,0
Astrocaryum triandrum,Guatinajo,Astrocaryum,Arecaceae,EN,21,1940,2018,78,8,17,80.95,4,1,6,4,17,80.95,1,4.76,2,18,1,0
Aiphanes graminifolia,Mararay macanillo,Aiphanes,Arecaceae,CR,21,2001,2018,17,8,18,90.0,1,1,5,4,20,95.24,0,0.0,0,19,2,0
Aiphanes gelatinosa,Mararay Gelatinoso,Aiphanes,Arecaceae,EN,20,1946,2011,65,15,3,15.0,2,0,3,1,16,80.0,0,0.0,0,19,1,0
Aiphanes acaulis,Mararay sin tallo,Aiphanes,Arecaceae,EN,20,1980,2014,34,12,6,30.0,3,2,6,2,10,50.0,0,0.0,1,18,1,0
Hyospathe wendlandiana,Guagualín de Wendland,Hyospathe,Arecaceae,EN,20,1987,2011,24,15,9,45.0,1,0,8,4,12,60.0,0,0.0,1,18,1,0
Aiphanes killipii,,Aiphanes,Arecaceae,CR,17,2012,2018,6,8,15,100.0,1,1,5,2,17,100.0,0,0.0,0,13,2,0
Oenocarpus circumtextus,Milpesillo de Sabana,Oenocarpus,Arecaceae,VU,16,1952,2011,59,15,2,12.5,2,0,4,3,11,68.75,0,0.0,0,16,0,0
Geonoma galeanoae,,Geonoma,Arecaceae,VU,14,1987,2011,24,15,7,50.0,1,0,7,4,12,85.71,0,0.0,0,13,1,0
Phytelephas tumacana,Tagua de Tumaco,Phytelephas,Arecaceae,EN,14,1985,2000,15,26,0,0.0,2,0,2,1,11,78.57,0,0.0,0,14,0,0
Chamaedorea pygmaea,Molinillo enano,Chamaedorea,Arecaceae,VU,14,1880,2020,140,6,7,50.0,3,2,7,6,4,28.57,1,7.14,2,12,0,0
Attalea colenda,Palma Real de Tumaco,Attalea,Arecaceae,EN,12,1955,2000,45,26,0,0.0,1,0,2,2,9,75.0,0,0.0,0,12,0,0
Aiphanes duquei,Mararay de Duque,Aiphanes,Arecaceae,EN,10,1988,2003,15,23,0,0.0,2,0,3,2,8,80.0,0,0.0,0,10,0,0
Calyptrogyne costatifrons,,Calyptrogyne,Arecaceae,VU,8,1983,2013,30,13,4,50.0,1,0,4,5,4,50.0,0,0.0,0,8,0,0
Pholidostachys sanluisensis,,Pholidostachys,Arecaceae,VU,7,1983,2015,32,11,3,42.86,1,0,5,3,2,28.57,0,0.0,0,6,1,0
Aiphanes leiostachys,Mararay de San Carlos,Aiphanes,Arecaceae,CR,7,1981,2011,30,15,6,85.71,1,0,3,2,5,71.43,0,0.0,0,6,1,0
Aiphanes pilaris,Marary de pilar,Aiphanes,Arecaceae,CR,7,2000,2000,0,26,0,0.0,1,0,3,2,4,57.14,0,0.0,0,7,0,0
Reinhardtia gracilis,Coquito esbelto,Reinhardtia,Arecaceae,CR,7,1976,2017,41,9,5,71.43,1,1,4,5,4,57.14,0,0.0,2,5,0,0
Aiphanes buenaventurae,,Aiphanes,Arecaceae,EN,6,2013,2013,0,13,5,100.0,1,0,2,2,5,83.33,0,0.0,0,6,0,0
Attalea iguadummat,,Attalea,Arecaceae,VU,6,2013,2013,0,13,6,100.0,1,0,2,3,5,83.33,0,0.0,0,6,0,0
Bactris charnleyae,,Bactris,Arecaceae,VU,5,2013,2013,0,13,5,100.0,1,0,2,3,5,100.0,0,0.0,0,5,0,0
Chamaedorea subjectifolia,,Chamaedorea,Arecaceae,VU,5,2013,2013,0,13,5,100.0,1,0,2,3,5,100.0,0,0.0,0,5,0,0
Geonoma bernalii,,Geonoma,Arecaceae,EN,3,1987,1987,0,39,0,0.0,1,0,3,2,2,66.67,0,0.0,0,3,0,0
Reinhardtia simplex,Coquito simple,Reinhardtia,Arecaceae,CR,3,1987,2014,27,12,2,66.67,1,0,2,1,0,0.0,0,0.0,0,3,0,0
Pholidostachys panamensis,,Pholidostachys,Arecaceae,VU,3,2013,2013,0,13,3,100.0,1,0,2,2,3,100.0,0,0.0,0,3,0,0
Sabinaria magnifica,,Sabinaria,Arecaceae,VU,3,2013,2013,0,13,3,100.0,1,0,3,2,2,66.67,0,0.0,0,3,0,0
Bactris rostrata,Chacarrá picudo,Bactris,Arecaceae,VU,2,1986,1986,0,40,0,0.0,1,0,1,2,0,0.0,0,0.0,0,2,0,0
