municipio,riqueza_palmas,bosque_pct,agro_pct,alertas_2017,alertas_2018,alertas_2019,alertas_2020,alertas_2021,alertas_2022,alertas_2023,alertas_2024,alertas_2025,alertas_total,pred_alertas_2026
San José del Guaviare,2,100.0,0.0,909,1721,1675,1402,1055,676,1086,2198,2466,13188,1970.8533333333332
Tibú,1,0.0,0.0,518,935,1912,1581,1063,1045,2173,1880,1550,12657,1736.58
Uribe,1,100.0,0.0,282,466,248,135,321,288,210,1942,1471,5363,1045.37
Puerto Leguízamo,1,0.0,100.0,259,134,519,812,500,622,455,780,766,4847,910.5266666666666
Ríosucio,6,31.91,68.09,263,640,286,497,294,591,697,631,522,4421,879.91
Puerto Asís,1,100.0,0.0,251,91,460,670,419,869,530,210,288,3788,867.6466666666666
Vistahermosa,1,0.0,100.0,160,449,275,498,467,360,232,1797,1071,5309,851.0666666666667
Tierralta,3,44.44,55.56,378,415,97,101,129,443,200,326,830,2919,841.9833333333333
Miraflores,1,0.0,100.0,141,119,298,225,260,188,347,459,776,2813,701.81
El Bagre,2,33.33,0.0,59,80,50,106,24,124,92,293,608,1436,627.33
Segovia,2,0.0,50.0,103,162,74,102,38,183,278,278,294,1512,580.0933333333334
El Carmen,8,76.19,23.81,31,14,62,34,23,644,239,135,147,1329,348.2966666666667
Santa Rosa del Sur,1,100.0,0.0,26,49,15,118,22,152,120,81,267,850,345.7733333333333
Santa Marta,2,86.96,13.04,227,365,281,273,79,23,264,18,239,1769,294.2133333333333
Arauquita,2,16.67,83.33,32,15,42,28,4,22,53,48,273,517,257.18666666666667
Unguía,3,75.0,25.0,51,69,87,61,101,81,143,113,90,796,212.32
Montelíbano,3,36.36,63.64,32,36,18,14,38,200,192,84,140,754,208.53
Sabana de Torres,1,75.0,25.0,10,2,16,8,8,132,232,222,162,792,200.4
Cimitarra,7,63.33,36.67,14,0,10,7,4,119,157,105,145,561,178.25333333333333
Yondó,2,100.0,0.0,44,54,48,53,10,81,183,88,142,703,175.01666666666668
Carmen del Darién,1,100.0,0.0,125,295,50,67,48,111,79,55,177,1007,169.19
Zaragoza,1,100.0,0.0,49,116,74,77,25,131,82,129,210,893,164.30333333333334
Mocoa,1,100.0,0.0,14,13,91,46,72,122,78,99,196,731,161.91
Puerto Gaitán,2,100.0,0.0,43,6,10,14,1,39,178,258,93,642,160.94
El Carmen de Bolívar,1,0.0,100.0,0,160,110,108,22,121,343,72,37,973,159.46666666666667
Bolívar,1,100.0,0.0,6,2,22,39,27,120,113,80,164,573,158.92
Amalfi,6,53.85,46.15,9,14,23,78,24,98,161,60,104,571,158.32
Cantagallo,4,100.0,0.0,19,57,120,163,87,119,96,61,81,803,151.23333333333332
Buenaventura,1,100.0,0.0,63,24,5,18,28,152,136,51,63,540,140.98333333333332
San Vicente de Chucurí,6,85.71,14.29,4,4,14,4,9,103,139,160,90,527,135.61333333333334
Tumaco,3,11.11,66.67,209,42,22,20,13,82,206,99,59,752,115.63666666666667
Argelia,2,50.0,50.0,26,20,13,15,1,26,36,0,14,151,111.51
Cáceres,1,100.0,0.0,40,91,79,34,10,187,46,23,39,549,108.34333333333333
ETI Yaigojé Apaporis,1,100.0,0.0,0,0,14,224,53,30,125,80,53,579,107.03666666666666
San Pablo,2,66.67,33.33,24,53,57,132,43,70,96,95,77,647,101.35666666666667
Santa Rosa,2,33.33,33.33,30,7,0,39,40,205,34,36,32,423,100.19333333333333
Anorí,6,71.43,28.57,52,50,52,99,28,113,70,62,79,605,98.01333333333334
Juradó,3,100.0,0.0,11,134,31,50,22,69,128,86,10,541,97.62666666666667
Mutatá,2,25.0,75.0,76,138,31,9,2,24,18,1,13,312,96.64
Arauca,1,100.0,0.0,1,9,15,1,1,9,1,3,211,251,96.42
Valledupar,1,100.0,0.0,98,129,52,47,10,73,84,89,48,630,95.75
Florencia,2,100.0,0.0,75,4,29,1,38,109,211,106,46,619,95.44333333333333
San Jacinto,1,60.0,20.0,1,61,116,29,5,61,104,32,75,484,94.2
Urrao,1,25.0,75.0,131,14,13,1,0,50,38,77,177,501,93.79666666666667
Tame,1,100.0,0.0,16,3,13,22,15,10,12,25,164,280,91.34333333333333
Guapi,1,0.0,100.0,10,16,16,32,32,174,29,7,26,342,87.15666666666667
Acandí,9,83.33,16.67,34,51,45,29,37,28,49,114,100,487,84.51333333333334
Támara,1,50.0,50.0,11,2,3,0,6,8,14,0,90,134,76.37333333333333
Bajo Baudó,1,100.0,0.0,94,244,49,39,21,16,152,26,43,684,73.84666666666666
Puerto Libertador,2,0.0,100.0,45,38,8,0,30,101,27,16,94,359,72.35333333333334
Barbacoas,2,100.0,0.0,95,34,23,32,10,101,124,26,24,469,71.22333333333333
Santa Bárbara,4,62.5,0.0,9,4,12,25,26,115,41,36,56,324,68.66333333333333
María La Baja,1,0.0,100.0,0,17,20,17,8,0,24,3,3,92,67.85
Simacota,1,50.0,50.0,7,2,2,2,5,78,106,75,64,341,65.54
Belén de Los Andaquíes,1,0.0,100.0,34,15,123,17,27,56,42,57,55,426,64.95333333333333
Frontino,3,42.86,57.14,116,91,10,2,2,45,37,26,68,397,61.29
Norosí,1,0.0,0.0,6,3,40,9,11,40,55,65,15,244,60.836666666666666
El Tambo,2,100.0,0.0,121,38,34,114,3,43,41,5,23,422,58.56
Nechí,2,0.0,0.0,20,8,4,21,5,64,14,13,57,206,56.306666666666665
Ríonegro,4,28.57,57.14,1,3,6,3,5,68,93,36,34,249,53.623333333333335
San José del Palmar,1,100.0,0.0,3,47,13,8,19,47,34,38,25,234,53.27333333333333
San Francisco,10,54.05,45.95,2,0,6,45,25,50,47,7,45,227,52.78666666666667
Ricaurte,1,100.0,0.0,13,24,6,2,2,32,136,31,17,263,52.583333333333336
Dibulla,2,50.0,50.0,101,102,109,65,25,5,170,11,35,623,52.57333333333333
Tiquisio,1,0.0,100.0,2,0,36,25,18,28,139,37,6,291,52.193333333333335
Barrancabermeja,4,51.35,45.95,9,0,2,1,3,81,45,37,33,211,49.53
Puerto Parra,3,16.67,75.0,11,0,3,8,4,21,59,32,51,189,48.903333333333336
Planadas,1,100.0,0.0,6,0,0,6,0,0,0,0,4,16,46.77766666666666
Samaná,2,100.0,0.0,1,0,4,6,32,2,4,2,0,51,46.266666666666666
Sipí,1,100.0,0.0,6,1,8,6,5,62,34,20,11,153,46.11666666666667
San Carlos,8,81.82,18.18,6,0,7,9,21,31,32,14,40,160,45.61
Vigía del Fuerte,1,100.0,0.0,50,146,0,3,1,23,9,3,5,240,45.58
El Guamo,1,0.0,0.0,0,2,4,5,8,14,45,19,67,164,45.373333333333335
San Luis,8,64.52,32.26,3,0,7,21,26,38,15,18,27,155,45.29333333333334
Cubará,1,100.0,0.0,3,0,4,0,1,7,18,38,52,123,44.36
La Paz,1,100.0,0.0,6,12,19,9,3,46,23,18,15,151,43.10666666666667
Rio Quito,1,100.0,0.0,117,116,10,3,3,27,32,21,20,349,43.056666666666665
Tarazá,1,0.0,100.0,82,61,18,7,7,88,30,25,9,327,42.93
Puerto Wilches,2,5.88,0.0,5,0,0,0,0,8,33,30,65,141,42.77
Apartadó,1,0.0,100.0,1,0,6,4,0,11,9,3,0,34,40.82
El Peñón,1,100.0,0.0,1,0,12,3,9,26,40,31,33,155,39.413333333333334
Yalí,1,100.0,0.0,1,0,6,0,9,8,71,11,51,157,39.02333333333333
Landázuri,1,0.0,100.0,4,0,2,5,4,39,37,12,20,123,38.696666666666665
Toledo,4,80.0,20.0,7,2,1,0,15,29,7,39,20,120,38.306666666666665
San Juan Nepomuceno,2,100.0,0.0,0,78,87,49,19,21,80,33,27,394,38.21
Chigorodó,2,0.0,100.0,5,192,3,1,0,6,2,2,17,228,37.696666666666665
Ciénaga,1,90.91,0.0,45,47,85,61,11,17,57,7,42,372,37.556666666666665
Cáchira,1,0.0,100.0,3,1,0,0,6,33,51,17,34,145,36.88
Lebrija,2,50.0,50.0,3,2,7,2,1,28,66,22,27,158,36.44
Agustín Codazzi,3,60.0,20.0,10,12,26,14,0,1,24,12,9,108,33.413333333333334
ETI Bajo Río Caquetá,1,75.0,25.0,0,0,7,68,3,10,60,30,27,205,32.27
Sonsón,7,71.43,21.43,4,0,0,38,38,18,13,18,22,151,29.593333333333334
San Onofre,2,1.15,98.85,0,32,30,12,14,18,82,16,29,233,29.263333333333332
Puerto Nare,6,33.33,66.67,2,0,2,5,3,15,10,13,19,69,29.23
Turbo,3,6.52,89.13,2,0,7,6,0,8,17,5,3,48,26.11
San Jacinto del Cauca,1,0.0,100.0,9,4,2,6,8,13,11,5,16,74,26.023333333333333
San Martín,1,0.0,100.0,23,4,32,2,2,18,14,1,5,101,24.71
Hato Corozal,2,63.16,36.84,15,3,5,0,0,1,5,20,41,90,24.436666666666667
Chalán,1,100.0,0.0,1,5,4,3,4,1,29,4,9,60,23.196666666666665
Betulia,3,71.43,28.57,1,0,3,0,4,13,24,28,18,91,22.343333333333334
Puerto Boyacá,5,10.53,89.47,0,0,5,5,5,3,8,15,21,62,21.636666666666667
Girón,4,20.0,40.0,0,0,2,0,5,15,27,23,20,92,21.226666666666667
San José de Uré,2,33.33,66.67,5,6,1,0,9,58,7,5,5,96,20.876666666666665
Santiago,3,80.0,20.0,0,0,0,1,1,11,11,16,18,58,20.633333333333333
El Litoral del San Juán,1,100.0,0.0,49,14,8,6,7,15,28,18,9,154,20.21
La Jagua de Ibirico,1,0.0,100.0,10,5,9,1,0,0,14,4,7,50,20.163333333333334
Dagua,2,33.33,33.33,13,20,1,0,1,19,18,7,15,94,19.366666666666667
Chaparral,1,100.0,0.0,1,0,3,0,0,1,0,0,39,44,19.346761904761905
Bahía Solano,3,66.67,0.0,38,58,18,12,2,7,6,18,4,163,18.543333333333333
San Martín de Loba,1,0.0,0.0,0,0,67,1,6,2,68,4,2,150,17.805333333333333
Chimichagua,2,57.14,35.71,0,1,4,1,0,1,28,0,8,43,17.71
San Luis de Palenque,2,91.67,8.33,4,0,0,0,0,0,0,25,15,44,17.6
Curumaní,2,8.33,91.67,4,14,24,2,0,2,32,10,18,106,17.573333333333334
Manaure Balcón del Cesar,1,100.0,0.0,0,1,1,3,0,0,0,3,0,8,17.54
Vélez,1,100.0,0.0,0,0,0,1,2,30,36,14,4,87,16.776666666666667
Tuluá,4,28.57,71.43,2,5,0,0,0,0,0,0,26,33,16.156666666666666
Unión Panamericana,1,0.0,0.0,11,4,0,0,1,12,19,0,5,52,15.22
Colosó,1,100.0,0.0,3,8,7,2,3,7,28,5,9,72,15.16
Pensilvania,1,100.0,0.0,1,0,0,0,0,0,2,2,17,22,14.883333333333333
San Cayetano,1,0.0,100.0,1,0,0,0,0,3,16,3,9,32,12.696333333333333
Maceo,1,100.0,0.0,0,0,0,0,0,2,10,3,2,17,12.470555555555555
Córdoba,1,66.67,33.33,0,0,0,0,0,5,16,2,6,29,12.113333333333333
San Alberto,1,50.0,50.0,0,6,6,1,1,2,6,27,2,51,11.366666666666667
Caucasia,2,0.0,66.67,3,5,5,0,2,9,3,4,5,36,10.123333333333333
Paz de Ariporo,2,66.67,33.33,26,0,0,0,0,0,0,11,14,51,9.533333333333333
Becerril,1,0.0,100.0,14,0,1,1,2,0,11,2,1,32,9.122777777777777
Retiro,2,0.0,100.0,2,0,0,3,0,4,5,9,0,23,9.023333333333333
Orocué,1,0.0,100.0,2,1,1,0,0,0,0,4,12,20,8.493555555555556
Arboledas,1,100.0,0.0,0,0,2,0,2,9,9,6,1,29,7.574666666666667
La Jagua del Pilar,1,100.0,0.0,0,2,2,0,0,0,2,0,4,10,7.543333333333333
Puerto López,3,33.33,66.67,14,0,9,0,0,0,0,0,0,23,6.576666666666667
Pore,2,50.0,50.0,1,0,1,0,0,0,0,4,13,19,6.036666666666667
Mosquera,2,0.0,100.0,0,2,3,0,5,1,4,0,0,15,5.496666666666667
Mistrató,2,100.0,0.0,0,1,2,0,1,0,2,0,4,10,5.3585
La Dorada,4,11.11,88.89,4,2,2,0,4,0,1,0,0,13,5.226666666666667
Necoclí,1,0.0,100.0,0,0,5,0,0,2,1,0,0,8,4.886666666666667
Pasto,2,75.0,25.0,4,0,0,0,0,23,0,0,2,29,4.765
Carmen de Viboral,6,100.0,0.0,0,0,0,0,5,0,7,0,0,12,4.5151111111111115
Toluviejo,1,0.0,100.0,0,1,1,0,0,7,7,2,0,18,4.35
Ríofrío,1,20.0,80.0,1,3,0,0,0,0,2,0,2,8,3.724
Sevilla,2,0.0,100.0,0,4,1,0,2,0,0,0,0,7,3.6666666666666665
Salgar,1,0.0,100.0,0,2,0,0,1,2,6,0,0,11,3.4766666666666666
Cartagena de Indias,1,100.0,0.0,0,0,0,1,0,9,0,1,5,16,3.157
Medellín,7,30.0,40.0,0,0,0,0,0,0,5,13,0,18,3.1266666666666665
Anzoátegui,1,0.0,100.0,2,0,0,1,0,0,0,0,5,8,2.7633968253968253
Los Andes,1,0.0,100.0,5,0,3,2,1,7,2,0,0,20,2.7133333333333334
Caicedo,1,100.0,0.0,0,0,1,2,0,0,2,0,0,5,2.6034285714285716
Calima,1,50.0,50.0,2,0,0,0,1,8,1,2,7,21,2.585
Tenerife,1,50.0,0.0,0,0,4,1,0,0,2,0,0,7,2.23
Trujillo,2,100.0,0.0,1,8,0,1,0,0,2,0,0,12,2.1933333333333334
Paya,1,100.0,0.0,6,0,1,0,0,3,0,0,4,14,2.0890952380952386
Zapatoca,3,22.22,22.22,0,0,1,0,2,2,4,3,4,16,1.9266666666666667
La Primavera,1,100.0,0.0,0,0,2,0,0,0,0,0,0,2,1.7209087301587298
Nariño,1,100.0,0.0,2,0,2,0,0,0,2,0,0,6,1.6415476190476188
San Pedro de Urabá,3,77.78,22.22,0,0,1,2,0,0,0,0,0,3,1.6133333333333333
Ibagué,1,49.35,44.16,3,0,0,0,2,0,0,0,5,10,1.5801666666666667
Aguazul,1,100.0,0.0,1,0,0,0,0,2,0,9,7,19,1.51
Sotaquirá,1,100.0,0.0,0,0,0,0,0,4,0,0,0,4,1.3525014430014433
Cravo Norte,1,100.0,0.0,4,0,1,1,0,0,0,0,0,6,1.2770992063492062
Gámbita,3,28.57,42.86,4,0,0,0,3,6,0,2,2,17,1.2328333333333334
Suratá,1,100.0,0.0,0,0,0,0,0,2,3,0,1,6,1.1375093795093798
Norcasia,6,5.88,94.12,1,0,0,0,5,0,1,2,0,9,1.12
Charalá,1,100.0,0.0,1,0,0,0,0,4,4,6,0,15,1.095
Floridablanca,1,100.0,0.0,0,0,0,0,0,2,0,0,0,2,0.9995014430014428
Acevedo,1,100.0,0.0,7,0,0,0,0,2,0,0,0,9,0.9995014430014428
Piojó,1,0.0,100.0,0,0,1,0,0,5,0,0,0,6,0.9533333333333334
Liborina,1,100.0,0.0,1,0,0,0,0,1,0,0,0,2,0.9031681096681096
Suaita,4,81.25,18.75,1,0,0,0,1,2,0,0,1,5,0.8868888888888891
Pitalito,2,100.0,0.0,0,0,0,0,0,4,0,0,0,4,0.8766666666666667
Tona,5,84.21,15.79,1,0,1,0,0,2,0,0,0,4,0.86
Mariquita,1,0.0,33.33,0,0,0,1,0,0,0,0,3,4,0.8492301587301586
Campohermoso,1,100.0,0.0,0,0,0,1,0,0,0,0,1,2,0.8366839826839826
Santo Domingo,1,0.0,100.0,0,0,2,0,1,0,0,0,0,3,0.8244444444444444
Colombia,1,100.0,0.0,10,1,0,0,1,0,0,0,0,12,0.8084523809523809
Puerto Triunfo,4,18.6,81.4,0,0,1,0,0,2,1,0,1,5,0.781888888888889
Piedecuesta,2,50.0,50.0,0,0,0,0,0,1,1,1,1,4,0.7766666666666666
Bochalema,1,100.0,0.0,1,0,0,0,0,4,1,2,0,8,0.7736666666666666
Concordia,1,100.0,0.0,0,0,0,0,0,1,1,0,0,2,0.7711323953823953
Villa Caro,1,100.0,0.0,0,0,0,0,1,0,2,3,0,6,0.7555396825396825
Nunchía,1,100.0,0.0,3,0,0,0,0,1,0,0,1,5,0.7411085858585856
Inzá,1,100.0,0.0,1,0,0,0,0,0,0,0,0,1,0.7340490620490616
Ansermanuevo,1,100.0,0.0,0,0,0,0,0,0,0,0,0,0,0.7340490620490616
Puebloviejo,1,100.0,0.0,0,0,0,0,0,0,0,0,0,0,0.7340490620490616
Consacá,1,100.0,0.0,5,0,0,0,0,0,0,0,0,5,0.7340490620490616
Caicedonia,1,100.0,0.0,0,0,0,0,0,0,0,0,0,0,0.7340490620490616
Subachoque,1,100.0,0.0,0,0,0,0,0,0,0,0,0,0,0.7340490620490616
Guayabetal,1,100.0,0.0,1,0,0,0,0,0,0,0,0,1,0.7340490620490616
Facatativá,1,100.0,0.0,0,0,0,0,0,0,0,0,0,0,0.7340490620490616
Providencia y Santa Catalina - Costa,1,100.0,0.0,0,0,0,0,0,0,0,0,0,0,0.7340490620490616
Restrepo,1,100.0,0.0,3,0,0,0,0,0,0,0,0,3,0.7340490620490616
Nocaima,1,100.0,0.0,0,0,0,0,0,0,0,0,0,0,0.7340490620490616
Marulanda,1,100.0,0.0,0,0,0,0,0,0,0,0,0,0,0.7340490620490616
Marmato,1,100.0,0.0,0,0,0,0,0,0,0,0,0,0,0.7340490620490616
Balboa,1,50.0,50.0,3,0,1,0,0,0,1,1,7,13,0.7133333333333334
Peque,1,57.14,28.57,0,0,0,2,0,0,1,1,0,4,0.7066666666666667
Tauramena,2,97.96,2.04,6,0,0,0,0,1,0,3,7,17,0.7066666666666667
Buenavista,1,0.0,100.0,0,0,0,0,1,0,0,0,0,1,0.6952777777777777
Quebradanegra,1,0.0,100.0,0,0,0,0,1,0,0,0,0,1,0.6952777777777777
Victoria,2,100.0,0.0,2,0,0,0,3,0,4,0,0,9,0.6897857142857142
Rovira,1,100.0,0.0,0,0,0,1,0,0,0,0,2,3,0.6858585858585858
Betania,1,100.0,0.0,0,0,0,0,0,0,2,0,0,2,0.6199974747474744
Zona Bananera,1,90.0,10.0,0,0,1,0,0,0,0,2,1,4,0.5966666666666667
El Cairo,1,0.0,100.0,0,0,0,1,0,0,0,0,1,2,0.5777222222222224
La Vega,3,66.67,33.33,1,0,1,0,0,0,1,0,0,3,0.5633333333333334
La Cumbre,1,100.0,0.0,0,0,0,0,0,0,1,0,0,1,0.5488784271284269
Rio de Oro,1,80.0,20.0,0,0,0,0,0,1,2,0,0,3,0.5013571428571428
Barranca de Upía,1,60.0,20.0,0,0,1,0,0,0,0,0,0,1,0.4666666666666667
Arboletes,1,0.0,100.0,0,0,2,0,0,0,0,0,0,2,0.46
La Peña,1,0.0,100.0,0,0,0,0,4,0,0,0,0,4,0.4597222222222222
Bugalagrande,1,0.0,100.0,0,11,0,0,0,0,0,0,0,11,0.45
Neira,1,100.0,0.0,0,0,0,0,0,0,0,0,3,3,0.4456865079365079
Abejorral,1,100.0,0.0,0,0,0,0,0,0,3,0,0,3,0.4415808080808082
Sincelejo,1,60.0,40.0,0,0,0,2,0,0,0,0,0,2,0.43333333333333335
Villeta,1,0.0,100.0,0,0,0,0,2,0,0,0,0,2,0.43305555555555564
Santa Rosa de Cabal,4,57.97,15.94,0,0,0,0,1,0,0,0,0,1,0.41222222222222216
Pajarito,2,50.0,50.0,0,0,0,0,0,0,0,0,3,3,0.3714444444444444
Yopal,2,60.87,39.13,4,0,0,0,1,0,0,3,2,10,0.3463333333333333
Jamundí,1,0.0,100.0,0,1,0,0,0,0,4,5,0,10,0.3433333333333333
Andes,2,50.0,50.0,0,0,0,0,0,0,3,0,0,3,0.34
Pesca,1,0.0,100.0,0,0,0,0,0,0,0,0,1,1,0.2887222222222223
Pivijay,1,33.33,66.67,0,0,0,0,0,0,0,8,0,8,0.2733333333333333
Duitama,1,100.0,0.0,0,0,0,0,0,0,0,6,0,6,0.27166666666666667
Chima,1,0.0,100.0,0,0,0,0,0,0,0,2,1,3,0.26088888888888895
San Agustín,3,100.0,0.0,1,0,0,1,0,0,0,0,0,2,0.23569047619047617
Saboyá,1,0.0,100.0,0,0,1,0,0,0,0,0,0,1,0.19333333333333333
Jericó,2,0.0,100.0,0,0,0,0,0,1,2,0,0,3,0.18333333333333332
Guasca,2,100.0,0.0,0,0,0,0,0,0,0,0,0,0,0.17200000000000004
Venecia,2,0.0,100.0,0,0,0,0,0,0,1,7,0,8,0.17
Maní,1,0.0,0.0,3,0,0,0,0,0,0,4,6,13,0.16761904761904758
Caparrapí,1,50.0,50.0,0,0,0,0,1,0,0,3,0,4,0.1511111111111111
Villanueva,3,54.55,45.45,1,0,0,0,0,0,1,5,0,7,0.12666666666666668
Providencia y Santa Catalina,1,86.96,8.7,0,0,0,0,0,0,0,0,0,0,0.10820634920634921
Pedraza,1,0.0,0.0,0,0,0,0,0,0,4,0,0,4,0.10333333333333333
Palestina,2,0.0,50.0,0,0,0,0,0,1,0,0,0,1,0.09333333333333334
Chaguaní,3,100.0,0.0,0,0,0,0,0,0,0,0,0,0,0.08354761904761905
Amagá,1,0.0,100.0,0,0,0,1,0,0,2,0,0,3,0.08333333333333333
Granada,3,0.0,80.0,0,0,0,0,0,0,1,4,0,5,0.08
Cali,7,39.87,37.97,2,0,0,0,0,0,1,0,0,3,0.07666666666666666
Bello,4,35.29,47.06,1,0,0,0,0,0,1,0,0,2,0.07666666666666666
Cocorná,2,27.27,72.73,0,0,0,0,0,0,1,0,0,1,0.06666666666666667
El Dovio,1,0.0,0.0,0,0,0,1,0,0,1,0,0,2,0.06
San Andrés,1,0.0,100.0,0,0,0,0,0,1,1,1,0,3,0.056666666666666664
Bucaramanga,5,16.67,50.0,0,1,0,0,0,0,0,2,0,3,0.056666666666666664
Isnos,2,100.0,0.0,0,0,0,0,0,0,0,1,0,1,0.0515
Junín,2,90.0,0.0,4,0,0,0,0,0,0,0,0,4,0.0455
Carepa,2,0.0,95.65,0,1,0,0,0,0,1,1,0,3,0.03666666666666667
Villamaría,1,40.0,60.0,0,0,0,0,0,0,0,2,0,2,0.03
San Juanito,3,86.49,13.51,0,0,0,0,0,0,0,0,0,0,0.029333333333333336
Hato,2,100.0,0.0,2,0,0,0,0,0,0,2,0,4,0.028333333333333332
Turbana,2,0.0,100.0,0,0,0,0,0,0,1,1,0,2,0.023333333333333334
Guadalupe,1,0.0,100.0,0,0,0,0,0,0,0,2,0,2,0.016666666666666666
Montería,1,0.0,100.0,0,0,0,0,0,0,0,2,0,2,0.016666666666666666
Ayapel,1,0.0,100.0,0,0,0,0,0,1,0,0,0,1,0.016666666666666666
Jardín,3,77.78,22.22,0,0,0,0,0,0,0,0,0,0,0.016666666666666666
Yotoco,1,0.0,0.0,0,0,0,0,0,0,1,0,0,1,0.006666666666666667
Yarumal,3,0.0,100.0,0,0,0,0,0,0,1,0,0,1,0.006666666666666667
La Estrella,1,0.0,100.0,0,0,0,0,0,0,1,0,0,1,0.0033333333333333335
La Ceja,1,0.0,100.0,1,0,0,0,0,0,1,0,0,2,0.0033333333333333335
Santuario,1,0.0,100.0,0,0,0,0,0,0,1,0,0,1,0.0033333333333333335
San Vicente,3,25.0,75.0,1,0,0,0,0,0,0,0,0,1,0.0
Momil,1,0.0,100.0,0,0,0,0,0,0,0,0,0,0,0.0
Juradó - Costa,1,0.0,0.0,0,0,0,0,0,0,0,0,0,0,0.0
La Victoria,1,50.0,50.0,0,0,0,0,0,0,0,0,0,0,0.0
Circasia,3,0.0,100.0,0,0,0,0,0,0,0,0,0,0,0.0
San Antonio del Tequendama,3,50.0,50.0,0,0,0,0,0,0,0,0,0,0,0.0
Belmira,3,38.46,0.0,1,0,0,0,0,0,0,0,0,1,0.0
Guaduas,3,25.0,75.0,1,0,0,0,0,0,0,0,0,1,0.0
Murillo,1,0.0,100.0,5,0,0,0,0,0,0,0,0,5,0.0
Filandia,2,27.27,36.36,0,0,0,0,0,0,0,0,0,0,0.0
Guatapé,2,0.0,50.0,0,0,0,0,0,0,0,0,0,0,0.0
Tolú,2,33.33,66.67,0,0,0,0,0,0,0,0,0,0,0.0
Pueblo Nuevo,2,25.0,75.0,0,0,0,0,0,0,0,0,0,0,0.0
Tena,2,50.0,50.0,0,0,0,0,0,0,0,0,0,0,0.0
Madrid,1,0.0,100.0,0,0,0,0,0,0,0,0,0,0,0.0
Los Córdobas,1,50.0,50.0,0,0,0,0,0,0,0,0,0,0,0.0
Moniquirá,1,0.0,100.0,1,0,0,0,0,0,0,0,0,1,0.0
Marinilla,2,50.0,50.0,0,0,0,0,0,0,0,0,0,0,0.0
La Plata,2,40.0,60.0,4,0,0,0,0,0,0,0,0,4,0.0
Garzón,2,66.67,33.33,0,0,0,0,0,0,0,0,0,0,0.0
Garagoa,2,40.0,40.0,0,0,0,0,0,0,0,0,0,0,0.0
Génova,2,25.0,75.0,0,0,0,0,0,0,0,0,0,0,0.0
Tota,1,0.0,0.0,0,0,0,0,0,0,0,0,0,0,0.0
Tocaima,1,0.0,100.0,0,0,0,0,0,0,0,0,0,0,0.0
Pereira,4,53.66,14.63,2,0,0,0,0,0,0,0,0,2,0.0
Tarqui,1,0.0,100.0,0,0,0,0,0,0,0,0,0,0,0.0
Barbosa,1,0.0,100.0,0,0,0,0,0,0,0,0,0,0,0.0
Támesis,4,50.0,50.0,0,0,0,0,0,0,0,0,0,0,0.0
Turbaco,4,0.0,58.33,0,0,0,0,0,0,0,0,0,0,0.0
Ulloa,1,0.0,100.0,0,0,0,0,0,0,0,0,0,0,0.0
Vergara,1,0.0,100.0,1,0,0,0,0,0,0,0,0,1,0.0
Belalcazar,1,0.0,0.0,0,0,0,0,0,0,0,0,0,0,0.0
Manizales,6,47.37,36.84,0,0,0,0,0,0,0,0,0,0,0.0
Salento,5,39.82,52.21,1,0,0,0,0,0,0,0,0,1,0.0
Buga,1,50.0,41.67,0,0,0,0,0,0,0,0,0,0,0.0
Tenjo,1,0.0,100.0,1,0,0,0,0,0,0,0,0,1,0.0
La Tebaida,1,0.0,100.0,0,0,0,0,0,0,0,0,0,0,0.0
Viterbo,1,0.0,0.0,0,0,0,0,0,0,0,0,0,0,0.0
Angostura,1,0.0,100.0,3,0,0,0,0,0,0,0,0,3,0.0
Andalucía,1,0.0,100.0,0,0,0,0,0,0,0,0,0,0,0.0
Aranzazu,1,50.0,50.0,0,0,0,0,0,0,0,0,0,0,0.0
Aratoca,1,0.0,100.0,0,0,0,0,0,0,0,0,0,0,0.0
Vijes,1,0.0,100.0,0,0,0,0,0,0,0,0,0,0,0.0
La Calera,2,71.43,14.29,0,0,0,0,0,0,0,0,0,0,0.0
Gamarra,2,0.0,0.0,0,0,0,0,0,0,0,0,0,0,0.0
Pacho,2,33.33,66.67,2,0,0,0,0,0,0,0,0,2,0.0
Montenegro,2,0.0,100.0,0,0,0,0,0,0,0,0,0,0,0.0
Villa de Leiva,2,0.0,80.0,0,0,0,0,0,0,0,0,0,0,0.0
Villavicencio,2,50.0,50.0,9,0,0,0,0,0,0,0,0,9,0.0
Pasca,1,0.0,100.0,0,0,0,0,0,0,0,0,0,0,0.0
Paratebueno,1,0.0,0.0,1,0,0,0,0,0,0,0,0,1,0.0
Cajamarca,3,19.57,80.43,0,0,0,0,0,0,0,0,0,0,0.0
Sasaima,3,0.0,92.31,0,0,0,0,0,0,0,0,0,0,0.0
Supia,2,0.0,100.0,0,0,0,0,0,0,0,0,0,0,0.0
Sahagún,3,0.0,100.0,0,0,0,0,0,0,0,0,0,0,0.0
Talaigua Nuevo,2,0.0,0.0,0,0,0,0,0,0,0,0,0,0,0.0
Copacabana,2,0.0,100.0,0,0,0,0,0,0,0,0,0,0,0.0
Sibundoy,2,54.55,36.36,0,0,0,0,0,0,0,0,0,0,0.0
Calarcá,2,12.5,50.0,0,0,0,0,0,0,0,0,0,0,0.0
San José de La Montaña,3,8.33,91.67,0,0,0,0,0,0,0,0,0,0,0.0
Pijao,3,25.0,50.0,0,0,0,0,0,0,0,0,0,0,0.0
Roncesvalles,1,33.33,33.33,1,0,0,0,0,0,0,0,0,1,0.0
El Rosal,1,0.0,100.0,0,0,0,0,0,0,0,0,0,0,0.0
Saladoblanco,1,0.0,100.0,0,0,0,0,0,0,0,0,0,0,0.0
Salamina,1,33.33,66.67,1,0,0,0,0,0,0,0,0,1,0.0
Guarne,4,16.67,66.67,0,0,0,0,0,0,0,0,0,0,0.0
Santa Rosa de Osos,4,60.0,40.0,4,0,0,0,0,0,0,0,0,4,0.0
Rondón,1,0.0,100.0,0,0,0,0,0,0,0,0,0,0,0.0
El Banco,1,0.0,100.0,0,0,0,0,0,0,0,0,0,0,0.0
Ebéjico,1,0.0,100.0,0,0,0,0,0,0,0,0,0,0,0.0
Pachavita,1,0.0,100.0,0,0,0,0,0,0,0,0,0,0,0.0
Guacarí,1,0.0,100.0,1,0,0,0,0,0,0,0,0,1,0.0
Guaca,1,0.0,100.0,0,0,0,0,0,0,0,0,0,0,0.0
Guayabal de Síquima,1,0.0,100.0,0,0,0,0,0,0,0,0,0,0,0.0
Guática,1,0.0,100.0,0,0,0,0,0,0,0,0,0,0,0.0
Galeras,1,0.0,100.0,0,0,0,0,0,0,0,0,0,0,0.0
Gachalá,1,0.0,100.0,13,0,0,0,0,0,0,0,0,13,0.0
Fusagasugá,1,0.0,100.0,0,0,0,0,0,0,0,0,0,0,0.0
Funza,1,0.0,100.0,0,0,0,0,0,0,0,0,0,0,0.0
Filadelfia,1,0.0,100.0,1,0,0,0,0,0,0,0,0,1,0.0
Girardota,1,0.0,100.0,1,0,0,0,0,0,0,0,0,1,0.0
Quimbaya,1,0.0,100.0,0,0,0,0,0,0,0,0,0,0,0.0
Quinchía,1,0.0,100.0,0,0,0,0,0,0,0,0,0,0,0.0
Herrán,1,0.0,100.0,0,0,0,0,0,0,0,0,0,0,0.0
Caramanta,1,33.33,66.67,0,0,0,0,0,0,0,0,0,0,0.0
Carolina,1,0.0,100.0,0,0,0,0,0,0,0,0,0,0,0.0
Silvania,1,0.0,100.0,1,0,0,0,0,0,0,0,0,1,0.0
Chinú,1,0.0,100.0,0,0,0,0,0,0,0,0,0,0,0.0
Chinavita,1,0.0,100.0,0,0,0,0,0,0,0,0,0,0,0.0
Canalete,1,50.0,50.0,0,0,0,0,0,0,0,0,0,0,0.0
Cerinza,1,0.0,0.0,0,0,0,0,0,0,0,0,0,0,0.0
Cota,1,0.0,100.0,0,0,0,0,0,0,0,0,0,0,0.0
San Benito Abad,1,0.0,100.0,0,0,0,0,0,0,0,0,0,0,0.0
Armenia,3,0.0,33.33,0,0,0,0,0,0,0,0,0,0,0.0
Puerto Salgar,3,2.94,97.06,0,0,0,0,0,0,0,0,0,0,0.0
Cereté,1,0.0,100.0,0,0,0,0,0,0,0,0,0,0,0.0
San Marcos,1,0.0,50.0,0,0,0,0,0,0,0,0,0,0,0.0
Ciénaga de Oro,1,50.0,50.0,0,0,0,0,0,0,0,0,0,0,0.0
Soacha,1,0.0,100.0,0,0,0,0,0,0,0,0,0,0,0.0
Envigado,2,50.0,50.0,0,0,0,0,0,0,0,0,0,0,0.0
Soatá,1,0.0,100.0,0,0,0,0,0,0,0,0,0,0,0.0
Santa Isabel,2,50.0,0.0,1,0,0,0,0,0,0,0,0,1,0.0
El Cerrito,2,67.74,29.03,0,0,0,0,0,0,0,0,0,0,0.0
San Pelayo,2,8.33,91.67,0,0,0,0,0,0,0,0,0,0,0.0
Sincé,1,0.0,100.0,0,0,0,0,0,0,0,0,0,0,0.0
Yumbo,1,0.0,100.0,0,0,0,0,0,0,0,0,0,0,0.0
Vianí,2,0.0,100.0,1,0,0,0,0,0,0,0,0,1,0.0
Cartago,1,0.0,100.0,0,0,0,0,0,0,0,0,0,0,0.0
Boyacá,1,0.0,0.0,0,0,0,0,0,0,0,0,0,0,0.0
Bojacá,1,0.0,100.0,0,0,0,0,0,0,0,0,0,0,0.0
Supatá,1,0.0,100.0,0,0,0,0,0,0,0,0,0,0,0.0
Arcabuco,4,57.14,42.86,0,0,0,0,0,0,0,0,0,0,0.0
"Bogotá, D.C.",4,21.15,21.15,0,0,0,0,0,0,0,0,0,0,0.0
Palmira,4,33.33,66.67,0,0,0,0,0,0,0,0,0,0,0.0
Área en Litigio,1,0.0,100.0,0,0,0,0,0,0,0,0,0,0,0.0
